label_id,label_name
0,Games
1,Vehicle
2,Video game
3,Concert
4,Car
5,Dance
6,Animation
7,Musician
8,Football
9,Music video
10,Animal
11,Motorsport
12,Food
13,Musical ensemble
14,Guitar
15,Cartoon
16,Performance art
17,Racing
18,Outdoor recreation
19,PC game
20,Trailer
21,Stadium
22,Nature
23,Mobile phone
24,String instrument
25,Toy
26,Cooking
27,Motorcycle
28,Fashion
29,Smartphone
30,Drummer
31,Disc jockey
32,Recipe
33,Weapon
34,Action-adventure game
35,Minecraft
36,Piano
37,Gadget
38,Orchestra
39,Drums
40,Road
41,Sports car
42,Fishing
43,Call of Duty
44,Drums
45,Cosmetics
46,Choir
47,Personal computer
48,Pet
49,School
50,Aircraft
51,Strategy video game
52,Dish
53,Keyboard
54,Highlight film
55,Video game console
56,Hair
57,Race track
58,Cuisine
59,Winter sport
60,Basketball
61,Art
62,Train
63,Acoustic guitar
64,Transport
65,Kick
66,Bollywood
67,Cycling
68,Lighting
69,Bicycle
70,Driving
71,Dog
72,iPhone
73,Ball
74,Truck
75,Wrestling
76,Ball
77,Arena
78,Wedding
79,American football
80,Horse
81,Athlete
82,Airplane
83,Skateboarding
84,Snow
85,Combat
86,Plant
87,Boat
88,Machine
89,Comics
90,Sports game
91,Fish
92,Radio-controlled model
93,Comedy
94,Dashcam
95,Talent show
96,Soldier
97,Drawing
98,Festival
99,Christmas
100,Electric guitar
101,Telephone
102,Building
103,Rail transport
104,Pianist
105,Motorcycling
106,Hairstyle
107,Musical keyboard
108,Skateboard
109,Cooking show
110,Album
111,PlayStation 3
112,Ice skating
113,House
114,Engine
115,Ballet
116,Pokémon
117,Boxing
118,Grand Theft Auto V
119,Locomotive
120,Winter
121,Photography
122,Weight training
123,Naruto
124,Tractor
125,Television
126,The Walt Disney Company
127,Xbox 360
128,Cymbal
129,Aviation
130,Gymnastics
131,Computer
132,Bird
133,Nightclub
134,Call of Duty: Black Ops
135,Drifting
136,Gardening
137,Tree
138,Call of Duty: Black Ops II
139,Airport
140,LEGO
141,Microsoft Windows
142,Hockey
143,Railroad car
144,Amusement park
145,Tablet computer
146,Snare drum
147,River
148,Painting
149,Model aircraft
150,Violin
151,Landing
152,Track
153,Dress
154,Wheel
155,Camera
156,Agriculture
157,Jet aircraft
158,Tire
159,World of Warcraft
160,Radio-controlled aircraft
161,Train station
162,Medicine
163,Running
164,Beach
165,League of Legends
166,Cat
167,Four-wheel drive
168,Basketball moves
169,Rallying
170,Home improvement
171,Warcraft
172,Motocross
173,Eye shadow
174,Farm
175,Airliner
176,PlayStation 4
177,Skiing
178,Samsung Galaxy
179,Kitchen
180,FIFA 15
181,Xbox
182,Puppy
183,Manga
184,Vegetable
185,Dragon Ball
186,Pokémon
187,Takeoff
188,Airline
189,iPad
190,Bride
191,Cheerleading
192,Battlefield
193,Eye liner
194,Call of Duty: Modern Warfare 2
195,Mascara
196,Eye
197,Trail
198,Off-road vehicle
199,Wii
200,Doll
201,Grand Theft Auto: San Andreas
202,Radio-controlled car
203,Marching band
204,Gym
205,Newscaster
206,Shoe
207,Exhaust system
208,Wood
209,University
210,Cookware and bakeware
211,RuneScape
212,Highway
213,Forest
214,Muscle
215,Eating
216,Call of Duty: Modern Warfare 3
217,Hunting
218,Eyelash
219,Accordion
220,Mountain bike
221,Skatepark
222,Surfing
223,Weather
224,Rapid transit
225,Lake
226,Dessert
227,Water
228,Laptop
229,Halo
230,Brass instrument
231,Supercar
232,Cake
233,Ocean
234,Ford
235,Lipstick
236,Baking
237,Final Fantasy
238,Nail
239,Roasting
240,Arcade game
241,Fighting game
242,Paper
243,Sonic the Hedgehog
244,Goku
245,BMW
246,Furniture
247,Stallion
248,Hotel
249,Heavy equipment
250,Parade
251,Sonic the Hedgehog
252,Tractor pulling
253,Carnival
254,Runway
255,Slam dunk
256,Tennis
257,Counter-Strike
258,Aquarium
259,Fire
260,Prayer
261,Tool
262,Ice
263,Light
264,Star Wars
265,Electronic keyboard
266,Helicopter
267,Mountain
268,Recreational fishing
269,Comic book
270,Sedan
271,Tank
272,iPod
273,News program
274,Meat
275,Diving
276,Room
277,Sport utility vehicle
278,GoPro
279,Garden
280,Wildlife
281,Snowboarding
282,Skin
283,Rock
284,Mountain biking
285,Sasuke Uchiha
286,Bus
287,Human swimming
288,Underwater
289,Dressage
290,Pony
291,Rouge
292,Handheld game console
293,Slide show
294,Batman
295,Chocolate
296,Saxophone
297,Grand Theft Auto IV
298,Television advertisement
299,Volkswagen Passenger Cars
300,Nail art
301,Meal
302,Call of Duty 4: Modern Warfare
303,Paint
304,Nail polish
305,Ski
306,High school
307,Hand
308,Ship
309,Computer hardware
310,The Sims
311,Street Fighter
312,Ice rink
313,Book
314,Xbox One
315,Knife
316,Figure skating
317,PlayStation
318,Church
319,Robot
320,Super Smash Bros.
321,Roller coaster
322,Mixtape
323,Toddler
324,Finger
325,Vampire
326,Metin2
327,Mud
328,Simulation video game
329,Swimming pool
330,Money
331,iPod touch
332,Mercedes-Benz
333,Nike; Inc.
334,Amusement ride
335,Nintendo 3DS
336,Scooter
337,Advertising
338,Manicure
339,Architecture
340,Afro-textured hair
341,Sketch comedy
342,Windows Media Video
343,My Little Pony
344,Coupé
345,Loudspeaker
346,Kitten
347,Climbing
348,Fruit
349,Chevrolet
350,Circus
351,Jumping
352,Need for Speed
353,Wall
354,Egg
355,Comedian
356,Star
357,DVD
358,Rugby football
359,Harry Potter (Literary Series)
360,Jeep
361,Flamenco
362,PlayStation Portable
363,Soil
364,Sitcom
365,Fireworks
366,Dragon
367,Drink
368,Sneakers
369,Resort
370,Origami
371,Firefighter
372,Playing card
373,Clash of Clans
374,Battlefield 3
375,Pickup truck
376,Flute
377,BMX bike
378,Drag racing
379,Touhou Project
380,Assassin's Creed
381,Underwater diving
382,Dota 2
383,Battlefield 4
384,Horse racing
385,Face
386,Xbox
387,Spider-Man
388,Fighter aircraft
389,Restaurant
390,Model
391,Chicken meat
392,Radio-controlled helicopter
393,Unmanned aerial vehicle
394,Map
395,Camping
396,One Piece
397,Organ
398,The Legend of Zelda
399,Kickboxing
400,Woodturning
401,Cello
402,Jewellery
403,Toyota
404,Livestock
405,Braid
406,Chevrolet
407,Scuba diving
408,Sketch
409,World of Tanks
410,Teacher
411,MapleStory
412,Monster
413,PlayStation 2
414,Computer monitor
415,Sewing
416,Apartment
417,Play-Doh
418,Gohan
419,Earth
420,The Elder Scrolls V: Skyrim
421,Gown
422,Call of Duty: Ghosts
423,Coast
424,Chicken
425,City
426,Resident Evil
427,Trumpet
428,Rail transport modelling
429,Website
430,Ballroom dance
431,Call of Duty: Advanced Warfare
432,Kingdom Hearts
433,Construction
434,Ninja
435,Action figure
436,Concealer
437,Cream
438,Mare
439,Barbie
440,Lion
441,The Elder Scrolls
442,Bread
443,Wii U
444,Family
445,Guitar Hero
446,Sheet music
447,Sand
448,Planet
449,Honda
450,Viola
451,Cockpit
452,Watch
453,Pro Evolution Soccer
454,Sauce
455,Unidentified flying object
456,Go-kart
457,Knitting
458,Gold
459,Plough
460,Yu-Gi-Oh! Trading Card Game
461,Street Fighter IV
462,Table
463,Cricket
464,First-person Shooter
465,Microphone
466,Gift
467,Chipmunk
468,Biology
469,Bag
470,Halo 3
471,Wing
472,Boeing 737
473,Ford Mustang
474,Destiny
475,Cheese
476,Textile
477,Transformers
478,Fishing rod
479,Graffiti
480,FIFA 13
481,Kayak
482,Asphalt
483,Costume
484,Subwoofer
485,Dough
486,M.U.G.E.N
487,Samsung Electronics
488,Door
489,Board game
490,Rain
491,Enduro
492,Floor
493,Rim
494,Card game
495,Runway
496,Super Street Fighter IV
497,Macintosh
498,Motorboat
499,Cloud
500,Rice
501,Snowboard
502,Sky
503,Monster High
504,Web page
505,Mega Man
506,Garry's Mod
507,Thomas the Tank Engine
508,iPhone 5
509,Classic car
510,Fishing lure
511,Mortal Kombat
512,Printing
513,Computer keyboard
514,Tekken
515,Dodge
516,Headphones
517,Audi
518,Mario Kart
519,Recreational vehicle
520,Bicycle frame
521,Metal
522,Helmet
523,Cattle
524,Littlest Pet Shop
525,Printer
526,Volkswagen
527,Battery
528,Pencil
529,Squat
530,Cue sports
531,Hatchback
532,Barbell
533,Oil
534,Milk
535,Slot machine
536,Glass
537,Zoo
538,Illustration
539,Home appliance
540,Insect
541,Black-and-white
542,Potato
543,The Sims 2
544,Table tennis
545,Quartet (ensemble)
546,Stitch
547,Bleach
548,Parachuting
549,Defense of the Ancients
550,Dinosaur
551,British Broadcasting Corporation
552,Honda Civic
553,Sony Xperia
554,iPhone 4
555,Longboard
556,Skateboarding trick
557,Salad
558,Santa Claus
559,Night
560,Sugar
561,Madden NFL
562,Pitcher
563,Ryu
564,The Sims 3
565,Mud bogging
566,Digital camera
567,Compact disc
568,Pool
569,Lamborghini
570,Road bicycle racing
571,Bear
572,Indian cuisine
573,Paragliding
574,Elevator
575,Traffic
576,Walt Disney World
577,Penguin
578,Cookie
579,Yacht
580,Bedroom
581,PlayStation
582,Candy
583,Wig
584,Super Mario Bros.
585,Lawn
586,Nintendo Entertainment System
587,Clay
588,Reptile
589,Grilling
590,Wedding dress
591,Naruto: Ultimate Ninja
592,Synthesia
593,Moon
594,Music festival
595,Champion
596,Monster Hunter
597,Soup
598,Parrot
599,Dofus
600,Flour
601,Shark
602,Central processing unit
603,StarCraft II: Wings of Liberty
604,Quadcopter
605,Cruise ship
606,String
607,Lace
608,Wheelie
609,Tattoo
610,Snowmobile
611,Kinder Surprise
612,Beer
613,Bar
614,Hiking
615,Poker
616,The Bible
617,Maize
618,Fiat Automobiles
619,Manufacturing
620,Barbecue
621,Asus
622,Sakura Haruno
623,Coach
624,Number
625,Factory
626,Puzzle
627,Clock
628,Portrait
629,Camera lens
630,Superman
631,Cube
632,Ice dancing
633,Photograph
634,Trombone
635,Achievement
636,Rabbit
637,Five Nights at Freddy's
638,Gears of War
639,Fiddle
640,Bottle
641,Mask
642,Leaf
643,Hero
644,Halo: Reach
645,Road bicycle
646,Pipe organ
647,Muscle car
648,Clown
649,Oven
650,Convertible
651,Stock car racing
652,Bathroom
653,Thread
654,Sun
655,Diatonic button accordion
656,Metal Gear
657,Autumn
658,Grand Theft Auto: The Lost and Damned
659,Van
660,Rural area
661,Stretching
662,Pizza
663,Street
664,CrossFire
665,Kingdom Hearts
666,Concrete
667,Longboarding
668,Volkswagen Golf
669,Extreme sport
670,Banjo
671,Tomato
672,Bodyboarding
673,Saw
674,Marathon
675,iPhone 4S
676,Handbag
677,Game controller
678,Latin dance
679,Mickey Mouse
680,Subaru
681,Leather
682,PlayStation Vita
683,Renault
684,Ice cream
685,Luigi
686,Diablo III
687,Taiko no Tatsujin
688,Beef
689,Harmonica
690,Pokémon X and Y
691,Cargo
692,Link
693,Sword
694,Tai chi
695,Balloon
696,T-shirt
697,Super Smash Bros. for Nintendo 3DS and Wii U
698,Fisherman
699,Kick
700,Hard disk drive
701,Beyblade
702,Counter-Strike: Source
703,Roller skating
704,Call of Duty: World at War
705,Forza Motorsport
706,Deer
707,Roof
708,Mermaid
709,Bull
710,Handball
711,Gran Turismo
712,Outer space
713,Egg
714,Jedi
715,Farming Simulator
716,Coral
717,Darth Vader
718,Duck
719,Boeing 747
720,Wine
721,Digital SLR
722,Waterfall
723,Pig
724,Rock Band
725,Human
726,Clarinet
727,Curry
728,Dirt track racing
729,Christmas decoration
730,Final Fantasy VII
731,Coin
732,StarCraft
733,Washing
734,DayZ
735,Kamen Rider Series
736,ARMA
737,Joker
738,Guitar amplifier
739,Guild Wars
740,Rubik's Cube
741,Mower
742,Countertop
743,Edward Cullen
744,Window
745,Writing
746,Card manipulation
747,Retail
748,Iron Man
749,Figurine
750,Sailor Moon
751,Desert
752,Pasta
753,Sailboat
754,Gramophone record
755,Hetalia: Axis Powers
756,Tibia
757,Boot
758,Air force
759,Icing
760,iPhone 5s
761,Chevrolet Camaro
762,Angel
763,Snake
764,The King of Fighters
765,Parachute
766,President of the United States
767,Goalkeeper
768,Diamond
769,Red Bull
770,Banana
771,Noodle
772,Bowling
773,Gears of War
774,Galaxy
775,Bee
776,Kindergarten
777,WWE 2K
778,Gliding
779,Point Blank
780,Fat
781,Pachinko
782,Super Smash Bros. Melee
783,Zee TV
784,Honey
785,Jeans
786,Juice
787,Monster truck
788,Juggling
789,Alpine skiing
790,Nissan GT-R
791,Magic: The Gathering
792,DarkOrbit
793,Shirt
794,Bridge
795,Cupcake
796,Fire engine
797,Tekken
798,Shampoo
799,Chess
800,Mountain pass
801,Inuyasha
802,Google Nexus
803,DC Comics
804,Shopping mall
805,Lawn mower
806,Chopper
807,Seed
808,Breakfast
809,Logo
810,Village
811,Mouse
812,Plastic
813,Running back
814,Pond
815,Surfboard
816,Gundam
817,Bulldozer
818,Washing machine
819,World Wide Web
820,Bagpipes
821,Rail freight transport
822,Crane
823,Artificial nails
824,Terrier
825,Stream
826,Source Engine
827,Pump
828,Rock climbing
829,Bead
830,Bed
831,Plants vs. Zombies
832,Headset
833,Ice skate
834,Combat Arms
835,Backpack
836,Sora
837,Roblox
838,Batman: Arkham
839,Guild Wars 2
840,Museum
841,Butter
842,Harp
843,The Doctor
844,Bass
845,Classroom
846,Squirrel
847,Angry Birds
848,FIFA 12
849,Tales
850,Left 4 Dead
851,Digimon
852,Lego Star Wars
853,Dune buggy
854,Diesel engine
855,Hulk
856,Airbus A320 family
857,Afro
858,Carl Johnson
859,Beadwork
860,Christian Church
861,Mixing console
862,Pork
863,Body piercing
864,Speedometer
865,Turtle
866,Halo 4
867,Tea
868,Tram
869,Dragon Ball Z: Budokai Tenkaichi
870,Chapel
871,Hair coloring
872,Diablo
873,Acrylic paint
874,BMW M3
875,Need for Speed: Most Wanted
876,Freeza
877,Hatsune Miku: Project DIVA
878,Composer
879,Ceiling
880,Trousers
881,German Shepherd
882,Pen
883,Samsung Galaxy S4
884,Lego minifigure
885,Bell
886,James Bond
887,King Koopa
888,Living room
889,Swing
890,Brush
891,Mercedes-AMG
892,Aerobics
893,Fish as food
894,Jacket
895,Trout
896,Largemouth bass
897,Avengers
898,Pilates
899,Samsung Galaxy S III
900,MacBook
901,Mitsubishi
902,Fishing bait
903,Mass Effect
904,Cocktail
905,Flash Video
906,Sowing
907,Necklace
908,Video card
909,Updo
910,Dragon Quest
911,Studio
912,Silver
913,President
914,Tent
915,Town
916,Spa
917,Sail
918,Brake
919,Hair conditioner
920,Chair
921,Grand Theft Auto: Vice City
922,Tabletop game
923,Boeing 777
924,Trophy
925,Brain
926,Traxxas
927,Supermoto
928,Borderlands 2
929,Aerobatics
930,Ten-pin bowling
931,Combine Harvester
932,Microsoft Lumia
933,Land Rover
934,Flooring
935,Off-road racing
936,Watercolor paint
937,Black belt
938,Steel
939,Condominium
940,Clay animation
941,Kingdom Hearts II
942,Silkroad Online
943,Stove
944,Hamburger
945,MINI Cooper
946,Baseball park
947,Muffler
948,Far Cry
949,Rowing
950,Blu-ray disc
951,Teenage Mutant Ninja Turtles
952,Chevrolet Corvette
953,Gran Turismo 5
954,Dreadlocks
955,Police officer
956,Glasses
957,Desktop computer
958,Thunderstorm
959,Metal detector
960,Badminton
961,Sega Genesis
962,McDonald's
963,Left 4 Dead 2
964,Christmas tree
965,Guitar Hero III: Legends of Rock
966,Sandwich
967,Text
968,Pie
969,Volkswagen Beetle
970,Monkey
971,Alphabet
972,Lathe
973,Nintendo 64
974,Racket
975,Dune
976,Demolition
977,WWE '13
978,Love song
979,Star Trek
980,Solo dance
981,Sculpture
982,V8 engine
983,Lexus
984,Silage
985,Strawberry
986,Suit
987,Sheep
988,Ibiza
989,Warface
990,Optimus Prime
991,NBA 2K15
992,Rocket
993,Quarterback
994,Cue stick
995,Attack on Titan
996,Princess
997,Sewing machine
998,Landscape
999,Elephant
1000,AdventureQuest Worlds
1001,Gemstone
1002,String quartet
1003,Tuba
1004,Samurai
1005,Pokémon Omega Ruby and Alpha Sapphire
1006,Tenor saxophone
1007,Portal
1008,Kite
1009,iPhone 3G
1010,Ring
1011,Tile
1012,Lip gloss
1013,Walking
1014,Movieclips
1015,Samsung Galaxy Note series
1016,Glove
1017,Yo-yo
1018,Salmon
1019,Christ
1020,Emergency vehicle
1021,Booster pack
1022,Chili pepper
1023,Rose
1024,Culinary art
1025,Personal water craft
1026,Foreign Exchange Market
1027,Terraria
1028,Devil May Cry
1029,Aion: The Tower of Eternity
1030,Trampoline
1031,Fisheye lens
1032,BlackBerry
1033,Drill
1034,ARMA 2
1035,Bank
1036,Moped
1037,Grass
1038,Hijab
1039,Tiger
1040,Street racing
1041,Subaru Impreza
1042,Jumbotron
1043,Router
1044,Coca-Cola
1045,Computer case
1046,Remote control
1047,Easter egg
1048,Assassin's Creed
1049,Collectible card game
1050,Star Wars: The Old Republic
1051,Reef aquarium
1052,Yo-Kai Watch
1053,Water park
1054,Vacuum cleaner
1055,Back
1056,Porsche 911
1057,Embroidery
1058,Volcano
1059,Movie theater
1060,Raw food
1061,Marriage proposal
1062,Pokémon Trading Card Game
1063,Ink
1064,French braid
1065,Bartender
1066,Aikido
1067,Lock
1068,Resident Evil 4
1069,Easter egg
1070,Semi-trailer truck
1071,Hearthstone: Heroes of Warcraft
1072,Total War
1073,Chainsaw
1074,Hyundai
1075,Whale
1076,Wakeboarding
1077,Lightning McQueen
1078,Installation art
1079,Lego City
1080,WWE 2K15
1081,Lemon
1082,Knot
1083,Role-playing game
1084,Bulldog
1085,Barbecue grill
1086,MacBook Pro
1087,Donkey Kong
1088,Infomercial
1089,Wire
1090,Canoe
1091,Saints Row
1092,Game Boy Advance
1093,Loader
1094,Puppet
1095,Shiva
1096,Scarf
1097,Touchscreen
1098,Christmas lights
1099,Euro Truck Simulator 2
1100,Hat
1101,Point guard
1102,Cake decorating
1103,Gibson Les Paul
1104,Ash Ketchum
1105,Fingerboard
1106,Character
1107,United States Navy
1108,Mushroom
1109,Counter-Strike Online
1110,Cell
1111,Home run
1112,Candy Crush Saga
1113,Toilet
1114,Stuffing
1115,Steak
1116,Goat
1117,Camcorder
1118,Kirby
1119,Sensor
1120,Tower defense
1121,Beehive
1122,Mitsubishi Lancer Evolution
1123,Domestic pig
1124,Yamaha YZF-R1
1125,God of War
1126,Tyrannosaurus
1127,Drum stick
1128,Glitter
1129,Hay
1130,Armour
1131,Final Fantasy XIII
1132,Lamborghini Aventador
1133,Kirby
1134,Taxicab
1135,Dolphin
1136,Poultry
1137,Crash Bandicoot
1138,Tower of Saviors
1139,Belle
1140,Assassin's Creed III
1141,Battlefield: Bad Company 2
1142,Laundry
1143,Marimba
1144,Castlevania
1145,Winter storm
1146,Wing Chun
1147,Hamster
1148,Hot rod
1149,Castle
1150,iPad 2
1151,Temple
1152,Plush
1153,Pokémon HeartGold and SoulSilver
1154,Anpanman
1155,iPhone 3GS
1156,Simba
1157,Rope
1158,Wheat
1159,Battery charger
1160,Giant panda
1161,Halo 2
1162,Dietary supplement
1163,Carpet
1164,Cartoon Network
1165,Majin Buu
1166,Dark Souls II
1167,Tanki Online
1168,Neighbourhood
1169,Hot Wheels
1170,Super Mario World
1171,Acer Inc.
1172,VHS
1173,Captain America
1174,Smoothie
1175,Soap
1176,Pumpkin
1177,Spider
1178,Quest
1179,Brick
1180,Itachi Uchiha
1181,Mars
1182,Softball
1183,Karaoke box
1184,Flag
1185,Plasticine
1186,Seafood
1187,Ragnarok Online
1188,Uncharted
1189,Torte
1190,Batting
1191,Tarot
1192,Hello Kitty
1193,Orange
1194,Automotive lighting
1195,Rafting
1196,Dragon Age
1197,Hedgehog
1198,Birth
1199,Kinect
1200,Ultralight aviation
1201,Ski-Doo
1202,Academy Awards
1203,Backpacking
1204,Pokémon Ruby and Sapphire
1205,Jeep Wrangler
1206,Cinema 4D
1207,Samsung Galaxy S5
1208,Coconut
1209,Bean
1210,Sled
1211,Transformice
1212,Stuffed toy
1213,World of Warcraft: Wrath of the Lich King
1214,Skyscraper
1215,Wild boar
1216,DayZ
1217,Bowling ball
1218,Japanese Cuisine
1219,Ariel
1220,New Super Mario Bros
1221,MINI
1222,Fountain
1223,Pastry
1224,Cola
1225,Antenna
1226,Metalworking
1227,Sushi
1228,The Legend of Zelda: Ocarina of Time
1229,Magnet
1230,Italian food
1231,Mandolin
1232,Perfect World
1233,BMW 3 Series
1234,Mouse
1235,Rainbow
1236,Fishing reel
1237,Baby carriage
1238,Resident Evil 5
1239,K-1
1240,Mambo
1241,Assassin's Creed IV: Black Flag
1242,Car wash
1243,Mirror
1244,Trunks
1245,Alarm device
1246,Campus
1247,Penalty kick
1248,Call of Duty: Zombies
1249,Rainbow Loom
1250,Biceps
1251,The Witcher
1252,Dog agility
1253,Ballet Dancer
1254,Cave
1255,Ribbon
1256,Smoking
1257,Turbine
1258,Goldfish
1259,Fender Telecaster
1260,Smartwatch
1261,Batman: Arkham City
1262,NBA 2K14
1263,Glider
1264,Head
1265,Kyle Kingson
1266,Death Note
1267,Battlefield Hardline
1268,Tails
1269,Human hair color
1270,Medal
1271,Beauty salon
1272,Cabinetry
1273,Tekken 6
1274,Portal 2
1275,Watch Dogs
1276,Resident Evil
1277,Prom
1278,Labrador Retriever
1279,Plarail
1280,Club
1281,Couch
1282,Honda CBR series
1283,Pancake
1284,Frying
1285,Parking
1286,Subaru
1287,Samsung Galaxy Tab series
1288,Marvel vs. Capcom
1289,Caporales
1290,Dragon Nest
1291,Mortal Kombat
1292,Ponytail
1293,RollerCoaster Tycoon 3
1294,Logging
1295,Stir frying
1296,Nest
1297,Ford Focus
1298,Pikachu
1299,Shadow the Hedgehog
1300,Earrings
1301,Nissan Skyline
1302,The Lego Group
1303,Fullmetal Alchemist
1304,Cell
1305,Canoeing
1306,Carp fishing
1307,Police car
1308,Shower
1309,Sailing ship
1310,Mercedes-Benz C-Class
1311,Amazon.com; Inc.
1312,Dynasty Warriors
1313,Strum
1314,Garage
1315,Kickflip
1316,Airbus A330
1317,Glider
1318,Flashlight
1319,Apple
1320,Bangs
1321,Škoda Auto
1322,Biscuit
1323,Helmet camera
1324,Roadster
1325,Gel
1326,Recorder
1327,Minnie Mouse
1328,Grocery store
1329,Blender
1330,Bull riding
1331,Ken Masters
1332,Onion
1333,Wangan Midnight
1334,Eight-ball
1335,Trampolining
1336,Jet Ski
1337,Serve
1338,Devil
1339,Monster Hunter Freedom Unite
1340,Airbus A380
1341,Parakeet
1342,Sailor Moon
1343,Super Robot Wars
1344,Netbook
1345,Dean Winchester
1346,Wood carving
1347,Coffeehouse
1348,Panasonic Corporation
1349,USB flash drive
1350,Plaster
1351,Rallycross
1352,Airbrush
1353,Bishop
1354,Frog
1355,Vegetarian food
1356,Paladin
1357,Ceramic
1358,Canyon
1359,Hair iron
1360,Magician
1361,Ford GT
1362,Canvas
1363,Candle
1364,Nine-ball
1365,Fondant icing
1366,LG Optimus series
1367,Golf club
1368,Gallon
1369,Necktie
1370,Battlefield 2
1371,Yuna
1372,Paddle
1373,Torero
1374,Plants vs. Zombies 2: It's About Time
1375,Laser lighting display
1376,Safari
1377,Golden Retriever
1378,Multiplayer online battle arena
1379,HTC One
1380,Kawasaki motorcycles
1381,Garlic
1382,Half-Life 2
1383,Yoshi
1384,Greenhouse
1385,Street art
1386,ABS-CBN
1387,Pokémon Battle Revolution
1388,V6 engine
1389,Dumbbell
1390,Samsung Galaxy S II
1391,Kia
1392,Injustice: Gods Among Us
1393,Lightsaber
1394,Alliance of Valiant Arms
1395,Valve
1396,Lara Croft
1397,Super Mario Galaxy
1398,Triangle
1399,Streetball
1400,rFactor
1401,The Witcher 3: Wild Hunt
1402,Suite
1403,Flower bouquet
1404,Halo: Combat Evolved
1405,Primary school
1406,Jeep Cherokee
1407,Animal Crossing
1408,Snack
1409,Missile
1410,The Elder Scrolls IV: Oblivion
1411,ESPN
1412,Half-Life
1413,Mitsubishi Lancer
1414,Gasoline
1415,Kia Motors
1416,Cliff
1417,Balance beam
1418,Model car
1419,GameSpot
1420,Gear
1421,Naruto: Ultimate Ninja Storm
1422,Statue
1423,Nike Air Max
1424,Coupon
1425,Gears of War 2
1426,Treasure
1427,TalesRunner
1428,Rooster
1429,Dump truck
1430,Pull-up
1431,Madison Square Garden
1432,Kratos
1433,Rage
1434,Saddle
1435,Ezio Auditore da Firenze
1436,Draco Malfoy
1437,Ram Trucks
1438,Street food
1439,Refrigerator
1440,Pinball
1441,Mattel
1442,Tabla
1443,Dance studio
1444,Lizard
1445,Donald Duck
1446,Game Boy
1447,Skylanders
1448,Vespa
1449,Rubber band
1450,Model building
1451,Ribbon
1452,BIONICLE
1453,Balloon
1454,Stairs
1455,Cadillac
1456,Clothes dryer
1457,Herd
1458,Electronic drum
1459,Magazine
1460,Herb
1461,Electric car
1462,Dragon Ball XenoVerse
1463,Magic Kingdom
1464,iPad Mini
1465,FOX
1466,Pontiac
1467,Pump It Up
1468,Piston
1469,X-Men
1470,Tekken Tag Tournament 2
1471,Tuna
1472,Fruit preserves
1473,Forage harvester
1474,Acrobatic gymnastics
1475,Knuckles the Echidna
1476,Bowling (cricket)
1477,Aggressive inline skating
1478,Lego Ninjago
1479,Quilt
1480,Astronaut
1481,Sunglasses
1482,PlayStation Network
1483,United States Air Force
1484,Final Fantasy VIII
1485,Assassin's Creed: Brotherhood
1486,Bugatti Veyron
1487,Reborn doll
1488,Mosaic
1489,Coffeemaker
1490,Radio-controlled boat
1491,Steam engine
1492,Persona
1493,Supercharger
1494,Jungle
1495,Twenty20
1496,LittleBigPlanet 2
1497,Wool
1498,Key
1499,Marvel vs. Capcom 3: Fate of Two Worlds
1500,Cherry blossom
1501,Military parade
1502,Chrysler
1503,Dungeon Fighter Online
1504,iPad 3
1505,Ultimate Marvel vs. Capcom 3
1506,Akuma
1507,Calligraphy
1508,Spacecraft
1509,Stew
1510,Liquid
1511,Toyota Land Cruiser
1512,Sonic Generations
1513,Hitman
1514,Crab
1515,DC Universe Online
1516,Belt
1517,Spaghetti
1518,Chevrolet Silverado
1519,Gran Turismo 6
1520,Minibike
1521,Jaguar Cars
1522,Assassin's Creed II
1523,Alice
1524,Zee Bangla
1525,Wallet
1526,Haruhi Suzumiya
1527,Pretty Cure
1528,Euro
1529,Jet engine
1530,Forza Motorsport 4
1531,Sunrise
1532,Military band
1533,Lead guitar
1534,H&M
1535,Prize
1536,Woven fabric
1537,Audi R8
1538,Doraemon
1539,Ramen
1540,Station Wagon
1541,Buttercream
1542,Catfish
1543,Crysis
1544,Laboratory
1545,Floristry
1546,Line
1547,Passenger
1548,Snowplow
1549,Mime artist
1550,Newspaper
1551,The Phantom of the Opera
1552,Video lesson
1553,The Sims 4
1554,Range Rover
1555,Sword Art Online
1556,Dōjinshi
1557,Bacon
1558,Hula hoop
1559,Spyro
1560,Phonograph
1561,Paramotor
1562,Viola caipira
1563,Stick figure
1564,Mobile Suit Gundam: Extreme Vs.
1565,Logitech
1566,Doom
1567,Cook
1568,Koi
1569,Steamed rice
1570,Command & Conquer
1571,Final Fantasy XIV
1572,Husband
1573,United States Army
1574,French horn
1575,Clutch
1576,Doughnut
1577,Need for Speed: Most Wanted
1578,Red Dead Redemption
1579,Circle
1580,Crysis 2
1581,The Legend of Zelda: Twilight Princess
1582,WWE 2K14
1583,Toyota Corolla
1584,Kettlebell
1585,Assassin's Creed Unity
1586,Cowboy
1587,Audi Quattro
1588,Prince of Persia
1589,Soft drink
1590,BMW 3 Series (E30)
1591,Leopard
1592,Plumbing
1593,Digital video recorder
1594,Nerd
1595,Television set
1596,Cinnamon
1597,Sausage
1598,Hellsing
1599,Bone
1600,Need for Speed: World
1601,Social media
1602,Hang gliding
1603,Fox
1604,Satan
1605,Second Life
1606,Butterfly
1607,BMW 3 Series (E36)
1608,Injury
1609,Auto Race
1610,Field hockey
1611,Garbage truck
1612,Multi Theft Auto
1613,Crazyracing Kartrider
1614,Honda Accord
1615,Pong
1616,Electrical wiring
1617,Fungus
1618,Rayman
1619,WWE '12
1620,Pearl
1621,Ork
1622,BMW M5
1623,Shaolin Kung Fu
1624,Minivan
1625,Sunset
1626,Forehand
1627,Shorts
1628,Cabal Online
1629,Samsung Galaxy Note
1630,Warframe
1631,PlanetSide 2
1632,Villain
1633,Fire station
1634,Ford Fiesta
1635,Ferrari 458
1636,Water slide
1637,GameCube
1638,Soulcalibur
1639,Eagle
1640,Library
1641,Cheesecake
1642,Cigarette
1643,Submarine
1644,ArcheAge
1645,Guinea pig
1646,Pipe band
1647,Kidō Senshi Gundam: Senjō no Kizuna
1648,Hatsune Miku: Project DIVA F
1649,Fast food
1650,The Idolmaster
1651,Dodge Ram
1652,Birthday cake
1653,Prince
1654,Peter Pan
1655,Mass Effect 2
1656,Projector
1657,MacBook Air
1658,Dissidia Final Fantasy
1659,Walmart
1660,Batman: Arkham Asylum
1661,Volkswagen Gol
1662,Ōendan
1663,Two-stroke engine
1664,Zero
1665,Pokémon Emerald
1666,Hammond organ
1667,Standup paddleboarding
1668,Claw crane
1669,Vodka
1670,Campsite
1671,Drywall
1672,LittleBigPlanet
1673,Airport terminal
1674,Ouran High School Host Club
1675,Drum and bugle corps
1676,Aikatsu!
1677,Watermelon
1678,Foam
1679,Scorpion
1680,Seafight
1681,Mu Online
1682,Call of Duty: Black Ops – Zombies
1683,Far Cry 4
1684,Hillsong Church
1685,Toy train
1686,Orbit
1687,Heroes of Newerth
1688,Suzuki Jimny
1689,New Super Mario Bros. Wii
1690,Warhammer Fantasy Battle
1691,Warcraft III: Reign of Chaos
1692,Hail
1693,Pudding
1694,Harness racing
1695,Saints Row: The Third
1696,Raven
1697,Astrological sign
1698,Darts
1699,Cart
1700,Lumber
1701,French fries
1702,Telescope
1703,Rock Band
1704,Antena 3
1705,Boeing 767
1706,Final Fantasy X-2
1707,Microwave oven
1708,Skate 3
1709,BMW 3 Series (E46)
1710,Pirates of the Caribbean
1711,Synchronized swimming
1712,Sweater
1713,The Sims
1714,Calendar
1715,Aircraft carrier
1716,Rat
1717,Guitar Hero World Tour
1718,Spore
1719,Pro Evolution Soccer 2015
1720,Grape
1721,Tetris
1722,Ferb Fletcher
1723,Chihuahua
1724,Homer Simpson
1725,Custard
1726,Harlem Shake (meme)
1727,Samsung Galaxy Note 3
1728,Chocolate cake
1729,Latte
1730,Roxas
1731,Haunted house
1732,Oni
1733,Ant
1734,Xylophone
1735,Dragon Age: Inquisition
1736,Microsoft Flight Simulator
1737,Dance Dance Revolution
1738,Elmo
1739,Fireplace
1740,King
1741,Pineapple
1742,Lowrider
1743,God of War
1744,Black Butler
1745,Assassin's Creed: Revelations
1746,Otis Elevator Company
1747,Erhu
1748,Carrot
1749,Titanfall
1750,White-tailed deer
1751,Image scanner
1752,Chevrolet SS
1753,Mixer
1754,Rocksmith
1755,The Idolmaster
1756,Predator
1757,Screen printing
1758,Test Drive
1759,Super Mario Galaxy 2
1760,Final Fantasy XIV: A Realm Reborn
1761,Volkswagen Jetta
1762,Rock Band 3
1763,Lotus Cars
1764,Ski jumping
1765,Muffin
1766,Test Drive Unlimited
1767,Cockatiel
1768,Snow blower
1769,Olive
1770,Need for Speed: Hot Pursuit
1771,The Pink Panther
1772,Forklift
1773,Samsung Galaxy S series
1774,iPhone 5c
1775,Trainz
1776,Samsung Galaxy Note II
1777,Ratchet
1778,Flash
1779,Satellite
1780,Killer whale
1781,Ollie
1782,Supermarket
1783,Roller skates
1784,Goblin
1785,Battlefield Heroes
1786,Dam
1787,Happy Farm
1788,Fencing
1789,Slender: The Eight Pages
1790,Gold medal
1791,Stargate
1792,Router
1793,Taco
1794,Curtain
1795,Sock
1796,Skate
1797,Port
1798,Audi A4
1799,Domestic canary
1800,Football boot
1801,Sam Winchester
1802,Jubeat
1803,Ultron
1804,Sewing needle
1805,Carousel
1806,GMC
1807,Chevrolet Impala
1808,National park
1809,Tokyo Mew Mew
1810,Live for Speed
1811,Forever 21
1812,Hair twists
1813,Madden NFL 13
1814,Peanut
1815,Pit bike
1816,Fire Emblem
1817,Initial D Arcade Stage
1818,Calculator
1819,Animal Crossing: New Leaf
1820,Motorola Droid
1821,Office
1822,Denim
1823,Espresso machine
1824,Clank
1825,Cajón
1826,Higurashi When They Cry
1827,Hair straightening
1828,Campervan
1829,Sledding
1830,Downhill
1831,Mario Kart 8
1832,Hand-to-hand combat
1833,Hummer
1834,Mehndi
1835,Majorette
1836,Fly tying
1837,Realm of the Mad God
1838,Shepherd
1839,Rottweiler
1840,Toyota Hilux
1841,Path of Exile
1842,Dollhouse
1843,Ham
1844,WWE action figures
1845,Pug
1846,Mural
1847,Need for Speed: Carbon
1848,Digit
1849,ABS-CBN News and Current Affairs
1850,Playmobil
1851,Cucumber
1852,Final Fantasy XI
1853,Whipped cream
1854,Centella
1855,Video camera
1856,Hogwarts School of Witchcraft and Wizardry
1857,Sephiroth
1858,Poster
1859,Ratchet & Clank
1860,Sonic Adventure
1861,Smite
1862,Corel
1863,Fertilizer
1864,Switch
1865,The Legend of Zelda: Majora's Mask
1866,Katara
1867,Honda CB600F
1868,Preacher
1869,Cement
1870,Chewing gum
1871,Foal
1872,Xbox 360 Controller
1873,Crossbow
1874,Mattress
1875,Bugatti
1876,Beatmania IIDX
1877,Shelby Mustang
1878,SD Gundam Capsule Fighter
1879,Hot air balloon
1880,Marinera
1881,Arkham Asylum
1882,Warrior
1883,Gothic
1884,Inazuma Eleven
1885,Robotics
1886,Bob cut
1887,Tricycle
1888,Pub
1889,Incandescent light bulb
1890,Dr. Eggman
1891,Red Dead
1892,Dormitory
1893,Devil May Cry 4
1894,Cannon
1895,Werewolf
1896,Acura
1897,Subaru Impreza WRX
1898,Wood flooring
1899,E-book
1900,Autobot
1901,Yamaha YZF-R6
1902,Flyff
1903,Motorcycle helmet
1904,Electric locomotive
1905,Owl
1906,Modem
1907,Ferrari F430
1908,Kingdom Hearts Birth by Sleep
1909,Analog synthesizer
1910,Milkshake
1911,StepMania
1912,Lord Voldemort
1913,Solar panel
1914,Waterfowl hunting
1915,Duel Masters Trading Card Game
1916,Buick
1917,Fishing tackle
1918,Comet
1919,The Elder Scrolls Online
1920,Copper
1921,Bungee jumping
1922,iMac
1923,Niko Bellic
1924,Symbol
1925,Skull
1926,Amazon Kindle
1927,Atari
1928,BioShock
1929,Sub-Zero
1930,Rurouni Kenshin
1931,Crossover
1932,Child safety seat
1933,Paper plane
1934,Hunter × Hunter
1935,Monster Hunter Tri
1936,Bouzouki
1937,Inline skates
1938,Rust
1939,Logic Pro
1940,Big Boss
1941,Pattern
1942,Oboe
1943,Bakery
1944,Vatican City
1945,Medal game
1946,Total Drama Island
1947,Goose
1948,Ape
1949,Octopus
1950,The CW
1951,Sport bike
1952,Carburetor
1953,Roland V-Drums
1954,Power supply
1955,Letter
1956,Catamaran
1957,Luxury yacht
1958,Monastery
1959,Phantasy Star
1960,Traffic light
1961,Virtua Fighter 5
1962,Acer Aspire
1963,Metal Gear Solid 4: Guns of the Patriots
1964,TV4
1965,Porsche Carrera
1966,The Lord of the Rings
1967,Sangokushi Taisen
1968,Battlefield: Bad Company
1969,Shrub
1970,Axe
1971,Epiphone
1972,Toy balloon
1973,Hockey puck
1974,Pontiac Firebird
1975,Amiga
1976,Nostale
1977,Steirische Harmonika
1978,New York City Subway
1979,Custom car
1980,Caramel
1981,Commodore 64
1982,Venom
1983,Infestation: Survivor Stories
1984,Jeep Grand Cherokee
1985,The Last of Us
1986,Piccolo
1987,Reborn!
1988,Chun-Li
1989,Oculus Rift
1990,Pac-Man
1991,Rappelz
1992,Space Shuttle
1993,Polar bear
1994,Garmon
1995,Hammer
1996,Intel Core i7
1997,Unicycle
1998,Canon EOS 600D
1999,Eggplant
2000,Mango
2001,Harry Potter and the Deathly Hallows
2002,Halo 3: ODST
2003,Track cycling
2004,Riot Games
2005,Need for Speed: Underground 2
2006,BlazBlue
2007,Intermodal container
2008,Floyd Mayweather; Jr. vs. Manny Pacquiao
2009,Electromagnetic coil
2010,Chart
2011,Alien
2012,cardboard
2013,The Twilight Saga
2014,Vans
2015,News broadcasting
2016,Volvo Cars
2017,Sharpening
2018,Arabian horse
2019,Dental braces
2020,Toyota 86
2021,Opel Astra
2022,Eclipse
2023,Poodle
2024,Cockatoo
2025,Multirotor
2026,PlanetSide
2027,Spinach
2028,Sonic World Adventure
2029,Filter
2030,Djembe
2031,Molding
2032,Pepsi
2033,Princess Peach
2034,Dreamcast
2035,Forge
2036,Donkey Kong Country
2037,Straw
2038,Credit card
2039,Soybean
2040,Korean food
2041,Crisis Core: Final Fantasy VII
2042,Nut
2043,Mabinogi
2044,Bodyweight exercise
2045,Biceps curl
2046,Popcorn
2047,Popeye
2048,Mexican food
2049,Police dog
2050,Rocksmith 2014
2051,Justice League
2052,Infiniti
2053,Ticket
2054,Diablo II
2055,Mansion
2056,Battleship
2057,Cappuccino
2058,Snowman
2059,Doberman Pinscher
2060,Roulette
2061,Chevrolet Chevelle
2062,Kidney
2063,Beatmania
2064,Boeing 737 Next Generation
2065,Tsubasa: Reservoir Chronicle
2066,Omelette
2067,Duct
2068,Duct tape
2069,Flash
2070,Suzuki Hayabusa
2071,Indiana Jones
2072,Gummy bear
2073,Sabian
2074,Killzone
2075,Titan
2076,Goofy
2077,Chemical reaction
2078,Dodge Challenger
2079,Two-wheel tractor
2080,Cup
2081,Infinity Ward
2082,Catwoman
2083,Border Collie
2084,Batman: Arkham Origins
2085,Falco Lombardi
2086,Dominoes
2087,Collie
2088,City-building game
2089,Winnie-the-Pooh
2090,Siamese fighting fish
2091,Destroyer
2092,Coal
2093,Coating
2094,Rainbow trout
2095,Cash
2096,The Hobbit
2097,Dachshund
2098,Tom and Jerry
2099,Balloon modelling
2100,Driver's license
2101,Ace Combat
2102,IKEA
2103,God of War III
2104,Toyota Camry
2105,Forza Horizon
2106,Forza Horizon 2
2107,Grey
2108,Hair removal
2109,Bugatti
2110,D.Gray-man
2111,Cherry
2112,Jerry Mouse
2113,Test Drive Unlimited 2
2114,Goth subculture
2115,Radar
2116,Hard Rock Cafe
2117,Star Wars Battlefront
2118,Tongue
2119,Splatter film
2120,Tears
2121,Marvel Legends
2122,Compact Cassette
2123,Just Dance
2124,Spray painting
2125,Fillet
2126,Need for Speed: Underground
2127,Final Fantasy
2128,Pollution
2129,Vending machine
2130,Car dealership
2131,Flair bartending
2132,Jinn
2133,Road racing
2134,Teddy bear
2135,Bowhunting
2136,Boeing 757
2137,Crysis 3
2138,Compost
2139,Dungeon crawl
2140,Tony Hawk's
2141,Stable
2142,Sega Saturn
2143,18 Wheels of Steel
2144,Dragon Ball: Raging Blast 2
2145,Olaf
2146,Bane
2147,Fiber
2148,The Crew
2149,Bumblebee
2150,Baseball bat
2151,Carnival Cruise Lines
2152,Selfie
2153,Sink
2154,Gorilla
2155,Unicorn
2156,Rookie
2157,Guppy
2158,Naruto Shippuden: Ultimate Ninja Storm Generations
2159,JBL
2160,Wagon
2161,Playground
2162,Marker pen
2163,Rechargeable battery
2164,Silk
2165,Ganon
2166,Gamepad
2167,Pendant
2168,G-Shock
2169,Ninja World
2170,The Embodiment of Scarlet Devil
2171,The Hunger Games
2172,Deadpool
2173,Dead Space
2174,Delta Air Lines
2175,Lamb and mutton
2176,Fist of the North Star
2177,Cam
2178,Chinese food
2179,Dragon Age: Origins
2180,Frets on Fire
2181,Monster Hunter 4
2182,Mario Party
2183,Stardoll
2184,Lush
2185,PRS Guitars
2186,Megatron
2187,Toast
2188,Coat
2189,Warehouse
2190,Bowl
2191,Text messaging
2192,Ninja Gaiden
2193,CDJ
2194,Wind power
2195,Tales of Symphonia
2196,Boiler
2197,Peanut butter
2198,Irish dance
2199,School bus
2200,Honda CBR600RR
2201,Alice's Adventures in Wonderland
2202,Armed forces
2203,Mazda MX-5
2204,Final Fantasy VI
2205,Bully
2206,Boeing 787 Dreamliner
2207,Kemenche
2208,Porsche 911 GT3
2209,Firewood
2210,McLaren
2211,Fur
2212,Metal Gear Solid V: The Phantom Pain
2213,Shrimp
2214,Multi-valve
2215,Ford Ranger
2216,Honda Integra
2217,Moto G
2218,Manure
2219,Need for Speed: Shift
2220,Shed
2221,Deck
2222,Crocodile
2223,Honda S2000
2224,Sherlock Holmes
2225,Lamborghini Murciélago
2226,Bus driver
2227,Multimedios Televisión
2228,Sport aerobics
2229,Nexus 7
2230,Buffet
2231,Toontown Online
2232,Audi A3
2233,Derek Shepherd
2234,Avocado
2235,Avon Products
2236,Emerald
2237,Kantai Collection
2238,Grand Theft Auto: Episodes From Liberty City
2239,Street Fighter II: The World Warrior
2240,Halo 5: Guardians
2241,Plectrum
2242,Pillow
2243,Stainless steel
2244,Autocross
2245,Palace
2246,Snail
2247,Nissan Skyline GT-R
2248,Zoom lens
2249,Driver
2250,LG G2
2251,Ken
2252,Steel guitar
2253,CNET
2254,Dead Island
2255,Stencil
2256,Bearing
2257,Athletic shoe
2258,Patio
2259,HTC Evo 4G
2260,Monster Hunter Portable 3rd
2261,Nissan Silvia
2262,E-reader
2263,Vox
2264,Nexus 7
2265,Subway Surfers
2266,Potato chip
2267,Geometry Dash
2268,Yamaha Aerox
2269,Wedding photography
2270,The New York Times
2271,Boxer
2272,Fifth Generation Nissan Z-car (Z33)
2273,Polo
2274,Donkey Kong
2275,Beach volleyball
2276,Lego Marvel Super Heroes
2277,The Lord of the Rings Online
2278,Albert Wesker
2279,Contact lens
2280,Cottage
2281,Lantern
2282,Waterskiing
2283,Beagle
2284,Bamboo
2285,LG G3
2286,Grand Tourer Injection
2287,Artistic roller skating
2288,Ford Escort
2289,Super Mario Bros. 3
2290,Trouble in Terrorist Town
2291,Log cabin
2292,Land Rover Defender
2293,Cloud Strife
2294,Emirates
2295,Sony Xperia Z
2296,Joystick
2297,Elf
2298,Punching bag
2299,Naruto Shippuden: Ultimate Ninja Storm 2
2300,Model railroad layout
2301,Dead or Alive
2302,Dying Light
2303,Motor oil
2304,Electric vehicle
2305,BMW 5 Series
2306,Audi A6
2307,SimCity
2308,Belt drive
2309,Low-carbohydrate diet
2310,Fixed-gear bicycle
2311,Human tooth
2312,SpongeBob SquarePants
2313,Bánh
2314,Axle
2315,Top
2316,Floral design
2317,Twin-turbo
2318,Screenshot
2319,Zara
2320,Guilty Gear
2321,Skylanders: Spyro's Adventure
2322,Horizontal bar
2323,Suitcase
2324,Hang
2325,BMW 3 Series (E90)
2326,Royal Air Force
2327,Sonic the Hedgehog
2328,HTC One (M8)
2329,Felt
2330,Loki
2331,Melting
2332,Percy
2333,Wild turkey
2334,Phantasy Star Online 2
2335,Aston Martin
2336,Devil May Cry 3: Dante's Awakening
2337,Passport
2338,Inflatable boat
2339,Swan
2340,Star Wars: Battlefront II
2341,Fine art
2342,Jack Sparrow
2343,Caridean Shrimp
2344,DmC: Devil May Cry
2345,Kawasaki Ninja 250R
2346,Gears of War: Judgment
2347,Marble
2348,Chrono Trigger
2349,Scissors
2350,Flying disc
2351,Moisturizer
2352,Doom II: Hell on Earth
2353,Heroes of the Storm
2354,The King of Fighters 2002
2355,Baggage
2356,Comb
2357,Vampire Knight
2358,Contortion
2359,Calf
2360,Water polo
2361,General Electric
2362,Porcelain
2363,Fried rice
2364,Cybertron
2365,Mercedes-Benz S-Class
2366,Dodge Viper
2367,Epic Rap Battles of History
2368,Marvel Universe
2369,RailWorks
2370,Disc brake
2371,Hot dog
2372,Dentist
2373,Square
2374,Fly
2375,Ney
2376,Steelpan
2377,Cylinder
2378,Stain
2379,Tom Clancy's Ghost Recon
2380,Flamenco guitar
2381,Menu
2382,Clannad
2383,White House
2384,Dragon Ball: Raging Blast
2385,Closet
2386,Chocolate brownie
2387,Military tactics
2388,Bull Terrier
2389,Exercise ball
2390,Dollar
2391,American Airlines
2392,Blouse
2393,Didgeridoo
2394,Perfect World
2395,Ribs
2396,Coyote
2397,Cabbage
2398,Personal armor
2399,Collage
2400,Asphalt
2401,Wolfenstein
2402,Grand Theft Auto
2403,Crayon Shin-chan
2404,Kawasaki Ninja
2405,Zucchini
2406,Peach
2407,Need for Speed: The Run
2408,Lucky Star
2409,Opel Corsa
2410,Camel
2411,Howcast
2412,Fate/stay night
2413,Union Pacific Railroad
2414,Firefighting
2415,Big wave surfing
2416,Samsung Galaxy Tab 10.1
2417,Pokémon Red and Blue
2418,Gelatin
2419,Lamp
2420,Audi TT
2421,Television presenter
2422,Minato Namikaze
2423,The Legend of Zelda: Skyward Sword
2424,Greeting card
2425,Farmer
2426,Forza Motorsport 5
2427,Ford F-Series
2428,Barn
2429,India TV
2430,Fender Custom Shop
2431,Metal Slug
2432,Mitsubishi Pajero
2433,Trials
2434,Call of Duty
2435,Tokyo Ghoul
2436,Zeus
2437,String trimmer
2438,French Bulldog
2439,Bobber
2440,Lego Batman: The Videogame
2441,Wind chime
2442,The Legend of Zelda: The Wind Waker
2443,Uncharted 2: Among Thieves
2444,Crêpe
2445,Backhoe
2446,Used car
2447,Guzheng
2448,Shawl
2449,Chuck E. Cheese's
2450,Inazuma Eleven
2451,iPad Air
2452,Thor
2453,Disney Infinity
2454,Notebook
2455,Renault Mégane
2456,Tail
2457,Organism
2458,AdventureQuest
2459,Ceiling fan
2460,Unreal
2461,DatPiff
2462,Neji Hyuga
2463,Smile
2464,Bookcase
2465,Pokémon Mystery Dungeon
2466,Final Fantasy XV
2467,Orochimaru
2468,M. Bison
2469,Onsen
2470,Hitman: Absolution
2471,Street Fighter III: 3rd Strike
2472,Tap
2473,Vineyard
2474,Mega Man Battle Network
2475,Spoon
2476,Maze
2477,Electric violin
2478,Red hair
2479,Cheetah
2480,Gate
2481,Cooler Master
2482,Basket
2483,Deep frying
2484,Electronic circuit
2485,Slopestyle
2486,Scooby-Doo
2487,Canon PowerShot
2488,Fitness Center
2489,Sheriff Woody
2490,Kitchen stove
2491,Spec Ops: The Line
2492,Bald eagle
2493,The Hobbit
2494,Ninja ZX-6R
2495,Saints Row 2
2496,Kebab
2497,The Witcher 2: Assassins of Kings
2498,Font
2499,Christmas ornament
2500,Pear
2501,Picture frame
2502,GoldenEye 007
2503,Age of Empires
2504,Macaroni
2505,Slingshot
2506,Final Fantasy XIII-2
2507,Macramé
2508,Samsung Galaxy Ace
2509,Mazda3
2510,McDonnell Douglas F/A-18 Hornet
2511,Pontiac
2512,Toyota Prius
2513,Jak and Daxter
2514,Seat
2515,Gothic
2516,Lock picking
2517,Chevrolet Opala
2518,Dirt 3
2519,Grand Theft Auto: Liberty City Stories
2520,Pink Panther
2521,Jupiter
2522,Driver's education
2523,Dungeons & Dragons
2524,Carom billiards
2525,Gashapon
2526,Zangief
2527,Loadout
2528,Pyramid
2529,Soprano saxophone
2530,Chrysler Hemi engine
2531,Dojo
2532,Pan flute
2533,Nintendo DSi
2534,Scorpion
2535,Sonic the Hedgehog 2
2536,Moshing
2537,TrackMania
2538,Painter
2539,Space Marines
2540,Hana-Kimi
2541,Allods Online
2542,Cross
2543,2001 GSX-R1000
2544,Megami Tensei
2545,Need for Speed III: Hot Pursuit
2546,NHL 14
2547,Staples Center
2548,Table saw
2549,Warcraft III: The Frozen Throne
2550,EarthBound
2551,Para Para
2552,Dyeing
2553,Colt
2554,F.E.A.R.
2555,Harpsichord
2556,Halloween costume
2557,Kamen Rider Battle: Ganbaride
2558,Plymouth
2559,Glacier
2560,Skylanders: Swap Force
2561,Merlin
2562,Meatball
2563,Gravy
2564,Gummi candy
2565,Soft tennis
2566,Green Lantern
2567,Jigsaw puzzle
2568,Pastel
2569,Crash Bandicoot
2570,Constellation
2571,Lalaloopsy
2572,Lupin III
2573,Domestic pigeon
2574,Referee
2575,Sweet potato
2576,Clone trooper
2577,Melon
2578,Ladder
2579,Almond
2580,Capacitor
2581,Microsoft Surface
2582,Split
2583,Limousine
2584,Elfen Lied
2585,Mercedes-Benz SLS AMG
2586,Street Fighter III: New Generation
2587,Air France
2588,Mayonnaise
2589,Yoshi's Island
2590,Mahjong
2591,Filipino food
2592,DualShock
2593,Sponge cake
2594,Mount & Blade: Warband
2595,Ultra Series
2596,Apple TV
2597,Sprite
2598,Alligator
2599,Basement
2600,Orc
2601,Fog
2602,Mega Man X
2603,Mercedes-Benz E-Class
2604,Envelope
2605,Medley swimming
2606,Animal Crossing: City Folk
2607,Puff pastry
2608,Strap
2609,Canning
2610,Rosary
2611,Wiffle ball
2612,Metal Gear Solid 3: Snake Eater
2613,Borderlands: The Pre-Sequel!
2614,Lettuce
2615,HP Pavilion
2616,Chevrolet S-10
2617,Kawasaki Ninja ZX-10R
2618,Lobster
2619,BMX racing
2620,Federal Reserve System
2621,GameTrailers
2622,Mount & Blade
2623,Hose
2624,Lelouch Lamperouge
2625,Gabrielle
2626,Shih Tzu
2627,Little Red Riding Hood
2628,Sly Cooper
2629,WWE SmackDown vs. Raw 2010
2630,Doodle
2631,Tortoise
2632,Crusher
2633,Soulcalibur V
2634,Inkjet printing
2635,Water well
2636,Lineage
2637,Kimchi
2638,Master System
2639,Automobile repair shop
2640,Petal
2641,Radha
2642,CNBC
2643,Asteroid
2644,Fantage
2645,BioShock Infinite
2646,Alucard
2647,StarCraft II: Heart of the Swarm
2648,Larva
2649,Nativity scene
2650,Frying pan
2651,Pump It Up Fiesta
2652,Lexus IS
2653,Wedding ring
2654,Chevrolet Caprice
2655,Vehicle horn
2656,Guitar Center
2657,Sonic & Knuckles
2658,Mirror's Edge
2659,Universe of The Legend of Zelda
2660,Abarth
2661,Ghost Rider
2662,Brave Frontier
2663,Chignon
2664,Browser game
2665,iPod Touch
2666,Dining room
2667,Final Fantasy IV
2668,Duke Nukem
2669,Leather crafting
2670,Portable stove
2671,Digital electronics
2672,Microscope
2673,Moose
2674,Rome: Total War
2675,Top
2676,Citrus
2677,Metal Gear Online
2678,Dragon boat
2679,Pavement
2680,Sinterklaas
2681,Marshmallow
2682,Hatsune Miku: Project DIVA F 2nd
2683,GMC
2684,Wand
2685,Giant
2686,Electric motorcycles and scooters
2687,Treadmill
2688,Skylanders: Giants
2689,Furby
2690,Škoda Octavia
2691,Tifa Lockhart
2692,Tarantula
2693,Puma SE
2694,Pea
2695,Saints Row IV
2696,Cinderella
2697,Zebra
2698,Metal Gear Rising: Revengeance
2699,Chocolate chip
2700,Dragon Age II
2701,Tow truck
2702,Horse show
2703,Light fixture
2704,Priston Tale
2705,Winch
2706,Starbucks
2707,Wood-burning stove
2708,Paper Mario
2709,Samsung Galaxy Tab 7.0
2710,Shikamaru Nara
2711,Label
2712,Just Cause
2713,VTEC
2714,Iori Yagami
2715,Forza Motorsport 3
2716,The Hunger Games
2717,Toyota Celica
2718,Gran Turismo 4
2719,Screw
2720,Common Bean
2721,Water Filter
2722,United States Dollar
2723,Dracula
2724,North American P-51 Mustang
2725,Phoenix
2726,Armored Core
2727,New Super Mario Bros. U
2728,Yeast
2729,Balcony
2730,NHL 13
2731,Aloe vera
2732,Offshore powerboat racing
2733,Ace Online
2734,Monster Energy
2735,Raccoon
2736,BMW 5 Series (E39)
2737,GAZ
2738,Fender Jazz Bass
2739,Midnight Club: Los Angeles
2740,Professor Albus Dumbledore
2741,Solar eclipse
2742,Mini 4WD
2743,Wallpaper
2744,Bajo sexto
2745,Beam
2746,Twelve-string guitar
2747,Inline skating
2748,"Toys ""R"" Us"
2749,Dip
2750,Mii
2751,Asus ZenFone
2752,God Mode
2753,SEAT León
2754,God of War II
2755,Lithium polymer battery
2756,Full moon
2757,Fried chicken
2758,Malinois
2759,Lute
2760,Land Rover Discovery
2761,Venus
2762,CBS News
2763,BMW R1200GS
2764,Mad
2765,Mail
2766,Lex Luthor
2767,Captain Hook
2768,Mug
2769,Decal
2770,Sony Xperia Z1
2771,Naruto: Clash of Ninja
2772,Shift 2: Unleashed
2773,iPod nano
2774,Tom Clancy's Rainbow Six
2775,Broccoli
2776,Pine
2777,Mousse
2778,Chevrolet Tahoe
2779,Universe of Kingdom Hearts
2780,Kennel
2781,Charm bracelet
2782,Starfire
2783,Ferret
2784,Sponge
2785,Slot car
2786,3D television
2787,Saab Automobile AB
2788,Volkswagen Golf Mk2
2789,Dragon Quest X: Mezameshi Itsutsu no Shuzoku Online
2790,British Airways
2791,Transformer
2792,Darksiders
2793,Disguise
2794,Marionette
2795,Root
2796,Halo: The Master Chief Collection
2797,Killer Instinct
2798,Mobile Suit Gundam: Try Age
2799,Ys
2800,Mazda RX-8
2801,Characters of Kingdom Hearts
2802,Samsung Galaxy Note 10.1
2803,Hug
2804,Elk
2805,DigiTech
2806,SaGa
2807,BMW S1000RR
2808,Printed circuit board
2809,Pedal steel guitar
2810,Total War: Rome II
2811,Llanero
2812,Kazuya Mishima
2813,Batmobile
2814,Keychain
2815,F-Zero
2816,Billboard
2817,Cammy
2818,Power supply unit
2819,Interchange
2820,Need For Speed: ProStreet
2821,Cactus
2822,Submission wrestling
2823,Alcatel One Touch
2824,Diesel locomotive
2825,Rum
2826,Suzuki Swift
2827,Annie
2828,World of Warcraft: The Burning Crusade
2829,Dictionary
2830,Super Mario Sunshine
2831,Juicing
2832,Looney Tunes
2833,Go
2834,Huawei Ascend
2835,Fallen
2836,Walleye
2837,Killer Instinct
2838,Cotton
2839,Daytona International Speedway
2840,Engraving
2841,Might and Magic
2842,Drive-through
2843,Koi pond
2844,Vert ramp
2845,Sheriff
2846,Gotenks
2847,G.I. Joe
2848,12-inch single
2849,Sonic Heroes
2850,Chauffeur
2851,Fight Night
2852,Burger King
2853,Aerosol paint
2854,Stealth game
2855,Vase
2856,Decoupage
2857,Yamaha Raptor 700R
2858,Gelatin dessert
2859,Black cat
2860,iPhone
2861,Baby Alive
2862,Subaru Forester
2863,Max Payne 3
2864,Monogatari Series
2865,Fiat Punto
2866,Half-pipe
2867,Wasp
2868,Nissan 240SX
2869,Bomberman
2870,Marble
2871,IL-2 Sturmovik
2872,Trunk
2873,Kimono
2874,Sawmill
2875,Quadracycle
2876,Maple tree
2877,Soulcalibur IV
2878,Vibraphone
2879,Medal of Honor: Warfighter
2880,Worms
2881,Wardrobe
2882,Gladiator
2883,Flip Video
2884,Unturned
2885,Chevrolet Corvette (C6)
2886,Chicken coop
2887,Swing
2888,Animal shelter
2889,343 Industries
2890,Barrel organ
2891,Star Wars: Battlefront
2892,GSX-R750
2893,Grand Theft Auto: Vice City Stories
2894,Halo Wars
2895,Tin can
2896,Shin Megami Tensei: Persona 3
2897,Scratchcard
2898,Canon EF lens mount
2899,Ford Explorer
2900,Honda Fit
2901,Mario Kart 64
2902,Conan the Barbarian
2903,Umbrella
2904,Express train
2905,Warhammer Online: Age of Reckoning
2906,Sony Xperia Z2
2907,Suzuka Circuit
2908,Kindle Fire
2909,Mario Kart 7
2910,Asus Eee Pad Transformer
2911,Charizard
2912,Flappy Bird
2913,Drawer
2914,Wreath
2915,Gibson Les Paul Custom
2916,Madden NFL 12
2917,Rat rod
2918,Aurora
2919,Skate 2
2920,Food grain
2921,Snowkiting
2922,Richter-tuned harmonica
2923,Greyhound
2924,Persian cat
2925,Jeep Cherokee (XJ)
2926,Barista
2927,Shovel
2928,Cereal
2929,Galaxy Nexus
2930,MX vs. ATV
2931,Shield
2932,Peugeot 206
2933,Pokémon Trainer
2934,Zack Fair
2935,Garden railway
2936,BlazBlue: Calamity Trigger
2937,Banknote
2938,Nebula
2939,Lightning
2940,Trapeze
2941,Wedding cake
2942,Saturn
2943,KFC
2944,La Tale
2945,Fan art
2946,Sonic the Hedgehog
2947,Guitar Hero: Warriors of Rock
2948,Dogfight
2949,V10 engine
2950,Zipper
2951,Black Rock Shooter
2952,Ventriloquism
2953,Lifetime
2954,McDonnell Douglas F-15 Eagle
2955,Waffle
2956,Furnace
2957,Typing
2958,Electrical connector
2959,Wok
2960,Miniature wargaming
2961,Button
2962,Magician
2963,Converse
2964,Cream cheese
2965,A Certain Magical Index
2966,Patchwork
2967,Printmaking
2968,BeamNG.drive
2969,Pembroke Welsh Corgi
2970,Donkey Kong
2971,Bassoon
2972,Andalusian horse
2973,Padel
2974,Macross
2975,BMW Motorrad
2976,Nami
2977,Mule
2978,Rigs of Rods
2979,Hero Factory
2980,Sitar
2981,Spock
2982,Broth
2983,Lego Friends
2984,.hack
2985,Chunichi Dragons Doala
2986,Dishwasher
2987,Sanshin
2988,Bloons Tower Defense
2989,Opel Vectra
2990,Command & Conquer: Red Alert
2991,Ferrari 599 GTB Fiorano
2992,Energy drink
2993,Mega Man 2
2994,Monster Hunter Freedom
2995,Blueberry
2996,Caterpillar
2997,Talking Tom and Friends
2998,Solid Snake
2999,Sleeping Dogs
3000,ThinkPad
3001,Warhammer 40;000: Dawn of War
3002,Essential oil
3003,Roll
3004,Softail
3005,MicroVolts
3006,Kamaz
3007,Giraffe
3008,Slow cooker
3009,LED lamp
3010,K'Nex
3011,DJMax
3012,Jilbāb
3013,Roller derby
3014,Gibson SG
3015,Monorail
3016,Mario & Sonic at the Olympic Games
3017,Beetle
3018,Betta
3019,Sony Ericsson Xperia X10
3020,Raspberry
3021,Tomato sauce
3022,Hare
3023,Line Rider
3024,Numark Industries
3025,Whistle
3026,Mario Kart: Double Dash‼
3027,Olive oil
3028,Devil Kings
3029,Picture book
3030,Landscape painting
3031,Aragorn
3032,Battlefield Play4Free
3033,Balrog
3034,Lotion
3035,Mega Man Zero
3036,Art exhibition
3037,Micropterus
3038,Casserole
3039,Wat
3040,Subaru Legacy
3041,Baby sling
3042,The Salvation Army
3043,Resident Evil 2
3044,Sesame
3045,Bose Corporation
3046,Maltese
3047,Colin McRae: Dirt 2
3048,Altaïr Ibn-La'Ahad
3049,Convenience store
3050,Mewtwo
3051,Sarah Walker
3052,Staffordshire Bull Terrier
3053,Infamous
3054,Cheeseburger
3055,Gecko
3056,Need for Speed Rivals
3057,Monster Hunter: Frontier G
3058,BMW 7 Series
3059,Dead Rising 2
3060,Chameleon
3061,Cylinder
3062,Game Boy Color
3063,Friendship bracelet
3064,Donkey Kong Country 2: Diddy's Kong Quest
3065,Hammock
3066,Timbales
3067,Boom Beach
3068,Green Arrow
3069,Final Fantasy V
3070,Emergency vehicle lighting
3071,Towel
3072,Super Smash Bros.
3073,Log splitter
3074,Porsche Cayenne
3075,Ran Online
3076,Lasagne
3077,Virtua Fighter
3078,Metro: Last Light
3079,Scar
3080,Marvel: Avengers Alliance
3081,Marvel vs. Capcom 2: New Age of Heroes
3082,Disgaea
3083,Fiat 126
3084,Butterfly stroke
3085,Charango
3086,Honda CR-V
3087,Sugar paste
3088,Mosquito
3089,Nokia N8
3090,Bugs Bunny
3091,BMW 1 Series
3092,Cinderella
3093,Optical illusion
3094,brass
3095,Mario Kart DS
3096,Hiru TV
3097,Thermostat
3098,American black bear
3099,Gothic II
3100,Chickpea
3101,Indoor cycling
3102,Cookie Monster
3103,Green tea
3104,Tree squirrel
3105,Numerical digit
3106,Eyelash extensions
3107,Texas Instruments
3108,Fishing vessel
3109,Clint Barton
3110,Solid
3111,Aerith Gainsborough
3112,Jiraiya
3113,Multicooker
3114,Surveillance
3115,Stronghold
3116,Schutzhund
3117,Match
3118,Luke Skywalker
3119,Lip balm
3120,Tom Clancy's Splinter Cell: Blacklist
3121,Homing pigeon
3122,Autogyro
3123,Jellyfish
3124,Kendama
3125,Silhouette
3126,Ale
3127,Fiat Uno
3128,Super Robot
3129,Sauna
3130,Loudspeaker enclosure
3131,Stormtrooper
3132,Chrysler 300
3133,Super Mario Bros. 2
3134,Mazda6
3135,Call of Duty 3
3136,Mitsubishi Eclipse
3137,Stitch
3138,Pressure washer
3139,Beverage can
3140,Putter
3141,Boomerang
3142,Maid
3143,Vintage clothing
3144,Tinker Bell
3145,Spinnerbait
3146,Need for Speed: Undercover
3147,Goat Simulator
3148,Digimon Masters
3149,Melty Blood
3150,Supper
3151,Kermit the Frog
3152,Universal Studios Hollywood
3153,Freddy Krueger
3154,Pajamas
3155,Volkswagen Golf Mk4
3156,Market garden
3157,Chimpanzee
3158,Honda CR-X
3159,Dishonored
3160,Kyo Kusanagi
3161,Tarzan
3162,Postage stamp
3163,Tugboat
3164,Walnut
3165,Turban
3166,Satellite television
3167,Runes of Magic
3168,Resistance
3169,Diva
3170,Bath & Body Works
3171,Wii Sports
3172,Lyre
3173,Great Dane
3174,Sport stacking
3175,Hide-and-seek
3176,Marlin
3177,Tulip
3178,Clothes iron
3179,Sphere
3180,Kristoff
3181,Lego Legends of Chima
3182,Window blind
3183,Deathstroke
3184,Moto X
3185,Bronze
3186,Motorola Razr
3187,Spark plug
3188,Camouflage
3189,Loft
3190,Chevrolet Cruze
3191,Mew
3192,Penny
3193,Ice pop
3194,Ford F-350
3195,Multifunction printer
3196,DVD player
3197,Citroën C4
3198,Parrot AR.Drone
3199,Baritone saxophone
3200,Morgana
3201,Keiji
3202,Gesture
3203,Travian
3204,Cod
3205,Beetroot
3206,Nikon Coolpix series
3207,Peel
3208,Lowlands
3209,Cockroach
3210,H1Z1
3211,Chocolate chip cookie
3212,Team roping
3213,Percy Jackson
3214,Black Widow
3215,Cornet
3216,Patrick Drake and Robin Scorpio
3217,Neo Geo
3218,Dragonica
3219,Daihatsu
3220,Dekotora
3221,Pizzica
3222,Edward Elric
3223,Reindeer
3224,European perch
3225,Princess Daisy
3226,Chucky
3227,I Wanna Be the Guy
3228,Oyster
3229,Opel Kadett
3230,Captain Falcon
3231,Resident Evil: The Mercenaries 3D
3232,Naruto Uzumaki
3233,Screencast
3234,Kixeye; Inc.
3235,Monopoly
3236,Terrace
3237,Sailor
3238,GameStop
3239,Hakuōki
3240,Matryoshka doll
3241,TARDIS
3242,Seeley Booth
3243,Hurdling
3244,Windows Phone 8
3245,Mercedes-Benz Sprinter
3246,Nokia Lumia 920
3247,Dome
3248,One-man band
3249,Cursor
3250,Chubby Bunny
3251,Syrup
3252,Burnout Paradise
3253,Mobile game
3254,Coconut
3255,Aliens vs. Predator
3256,Robotic vacuum cleaner
3257,Hindu temple
3258,Leica Camera
3259,Riven
3260,Barley
3261,Princess Jasmine
3262,Star Citizen
3263,Shadow of the Colossus
3264,Golf ball
3265,Hawk
3266,Ancient Rome
3267,Jet pack
3268,Rock dove
3269,Donkey Kong Country Returns
3270,Jukebox
3271,Mohawk hairstyle
3272,Electribe
3273,Dalmatian
3274,DragonFable
3275,Garrus Vakarian
3276,Punisher
3277,The Simpsons: Tapped Out
3278,Woodchipper
3279,Mercedes-Benz G-Class
3280,Swamp
3281,Crayfish
3282,Sand art and play
3283,Guitar Hero
3284,Metal Gear Solid 2: Sons of Liberty
3285,Boombox
3286,Stunt Performer
3287,Gin
3288,Mustard
3289,MS-06 Zaku II
3290,SimCity
3291,Basketball Coach
3292,Rock fishing
3293,Vegetable carving
3294,Lemonade
3295,Beat 'em up
3296,Transistor
3297,Salt
3298,Autofocus
3299,Kingdom Hearts: Chain of Memories
3300,Napkin
3301,Mop
3302,Tekken 5
3303,Table football
3304,Look-alike
3305,Tag team
3306,Bloom
3307,HTC One X
3308,Dead Rising
3309,Toyota Tundra
3310,Fossil
3311,Hovercraft
3312,Seiko
3313,Meringue
3314,Super Mario 64 DS
3315,Gibson ES-335
3316,Hyundai Genesis
3317,Salsa
3318,Abseiling
3319,Angry Birds
3320,BMW 5 Series (E60)
3321,Shadow the Hedgehog
3322,Acer Iconia Tab
3323,Arena di Verona
3324,Audi S4
3325,Super Paper Mario
3326,Metal Gear Solid: Peace Walker
3327,Rover
3328,Canon EOS 7D
3329,Upholstery
3330,Funko
3331,Quarry
3332,Hippopotamus
3333,Cavalry
3334,Chevrolet C/K
3335,Suzuki Bandit
3336,Cube World
3337,Copic
3338,Ford Crown Victoria
3339,Honda GoldWing
3340,Cold porcelain
3341,The Prince of Tennis
3342,The Mad Hatter
3343,The Real Housewives
3344,Tin whistle
3345,V8 Supercars
3346,Super Mario Kart
3347,Misty
3348,BVE Trainsim
3349,Kenshiro
3350,Rolls-Royce Limited
3351,Paper Mario: The Thousand-Year Door
3352,Helianthus annuus
3353,Chevrolet Monte Carlo
3354,Bloons
3355,Bingo
3356,Cauliflower
3357,Monica's Gang
3358,Darkness
3359,Laminate flooring
3360,Halo: Combat Evolved Anniversary
3361,Samsung Galaxy Y
3362,WildStar
3363,Typography
3364,Basil
3365,Driver: San Francisco
3366,Amnesia: The Dark Descent
3367,Bart Simpson
3368,Indoor soccer
3369,Diego de la Vega
3370,Sepak takraw
3371,Airbag
3372,Chevrolet Suburban
3373,BMW Z4
3374,Chevrolet Big-Block engine
3375,Las Vegas Strip
3376,Memory card
3377,Wii Remote
3378,Pigeon racing
3379,Prawn
3380,Horror comedy
3381,Penguin
3382,Risotto
3383,Filly
3384,Cutlet
3385,Burrito
3386,Hot tub
3387,Monster Retsuden Oreca Battle
3388,Pokémon Mystery Dungeon: Explorers of Time
3389,West Side Story
3390,TAM Airlines
3391,Alesis
3392,Video game arcade cabinet
3393,Pork ribs
3394,Cushion
3395,Asterix
3396,Ressha Sentai ToQger
3397,Blackjack
3398,Transformers: Generation 1
3399,Timing belt
3400,Drill bit
3401,Aggro Berlin
3402,Asparagus
3403,Grizzly bear
3404,Oatmeal
3405,Canon EOS 60D
3406,Bayonetta
3407,Kingdom Hearts III
3408,Samsung Galaxy S4 Mini
3409,Nissan Altima
3410,Paper model
3411,Digital painting
3412,Daredevil
3413,Pluto
3414,Volkswagen R32
3415,Tales of Vesperia
3416,Toyota MR2
3417,Cort Guitars
3418,The Elder Scrolls III: Morrowind
3419,Truggy
3420,Virginia Tech
3421,Meta Knight
3422,Fred Figglehorn
3423,Tom Clancy's Ghost Recon: Future Soldier
3424,Vacuum tube
3425,Christmas card
3426,Inazuma Eleven GO
3427,Sonic & Sega All-Stars Racing
3428,Costume jewelry
3429,Yoda
3430,Command & Conquer: Red Alert 3
3431,Volvo FH
3432,Pretty Rhythm
3433,Southwest Airlines
3434,Gearbox Software
3435,MS Paint Adventures
3436,Two-Face
3437,Maid Sama!
3438,Don't Starve
3439,Compact car
3440,Serious Sam
3441,HTC HD2
3442,Résumé
3443,Rectangle
3444,Claw
3445,Ultimate Marvel
3446,Solar flare
3447,Super Mario 3D World
3448,EverQuest
3449,Box set
3450,Battlefield 1942
3451,Company of Heroes
3452,Shopping channel
3453,The Shape
3454,Paiste
3455,Hubble Space Telescope
3456,Mega Man
3457,Garage door
3458,DMC World DJ Championships
3459,Instant noodle
3460,Tekken 5: Dark Resurrection
3461,Noah's Ark
3462,Total War: Shogun 2
3463,Nun
3464,Volkswagen Golf Mk6
3465,Davul
3466,Appalachian dulcimer
3467,Gingerbread
3468,Heroes of Might and Magic
3469,J-Stars Victory VS
3470,Prototype 2
3471,Armlock
3472,Sugarcane
3473,Nightwing
3474,BioShock 2
3475,BMW X6
3476,Radar detector
3477,Brown trout
3478,Meme
3479,WWE All Stars
3480,Sound system
3481,Order & Chaos Online
3482,Mana
3483,Crop circle
3484,Cars 2
3485,PortAventura
3486,Dacia Duster
3487,Tortilla
3488,Fourth Generation Honda Integra
3489,Rock and Roll Hall of Fame
3490,Eiffel Tower
3491,Stained glass
3492,Gnome
3493,Tubing
3494,Dalek
3495,Day care
3496,Chevrolet Malibu
3497,Hair dryer
3498,Whey protein
3499,Ragdoll
3500,Colin McRae: Dirt
3501,Oshun
3502,Bandsaw
3503,Doctor
3504,Honda NSX
3505,Wellington boot
3506,Luigi's Mansion
3507,Superhero movie
3508,Leonardo
3509,Diablo II: Lord of Destruction
3510,Ridge Racer
3511,Meteoroid
3512,Just Dance 2015
3513,Split screen
3514,Resident Evil: Revelations
3515,Gas tungsten arc welding
3516,Oldsmobile Cutlass
3517,F1 2012
3518,Porridge
3519,Tales of the Abyss
3520,Macy's
3521,Die
3522,ProSieben
3523,Death Eaters
3524,Tabletop role-playing game
3525,Television channel
3526,Pro Evolution Soccer 2009
3527,Doom 3
3528,Imperishable Night
3529,Toyota Yaris
3530,Plastic bottle
3531,Nuclear reactor
3532,DJ Hero
3533,Mazda Raceway Laguna Seca
3534,Audi A8
3535,Boutique
3536,Quake
3537,Atari 2600
3538,S.T.A.L.K.E.R.: Call of Pripyat
3539,Clam
3540,Violet
3541,Nissan Navara
3542,MG Cars
3543,Willy Wonka
3544,Rubber stamp
3545,Pluto
3546,Tom Clancy's Splinter Cell: Conviction
3547,Hummer H2
3548,Yamaha YZ125
3549,BMW M6
3550,Sand animation
3551,Alarm clock
3552,Lineman
3553,Track racing
3554,Duke Nukem Forever
3555,Valve Corporation
3556,Charlie Brown
3557,Daxter
3558,Guitar Hero: Metallica
3559,Flush toilet
3560,Touring motorcycle
3561,The Amazing Spider-Man
3562,Hollow
3563,Ferris wheel
3564,Nissan 370Z
3565,Mafia: The City of Lost Heaven
3566,Woozworld
3567,SOCOM
3568,Tuxedo Mask
3569,Scrolls
3570,Bat
3571,Lollipop
3572,iPad Mini 2
3573,Golf cart
3574,Marmalade
3575,Durarara!!
3576,Iguana
3577,Walkman
3578,Motorized bicycle
3579,Mona Lisa
3580,Handbell
3581,Rudolph the Red-Nosed Reindeer
3582,Pair skating
3583,Tatra
3584,Hair roller
3585,Space Engineers
3586,F1 2011
3587,Volkswagen Touareg
3588,Berserk
3589,Volkswagen Golf Mk1
3590,Potter's wheel
3591,Pump It Up Fiesta 2
3592,Kawasaki Ninja 650R
3593,Sander
3594,Driveclub
3595,Shaman King
3596,Papaya
3597,GLaDOS
3598,Lime
3599,The Wonderful Wizard of Oz
3600,The Jungle Book
3601,Fender
3602,Mini-Z
3603,Quartz
3604,Chokehold
3605,Puppetry
3606,Robocraft
3607,Mentos
3608,Chutney
3609,Eurofighter Typhoon
3610,Crème caramel
3611,Folding bicycle
3612,NHL 15
3613,Apple pie
3614,Drift trikes
3615,Monk
3616,Orihime Inoue
3617,Stingray
3618,Far Cry
3619,Xperia Play
3620,RollerCoaster Tycoon
3621,Rotation
3622,Def Jam Recordings
3623,BlackBerry Z10
3624,Quake III Arena
3625,Bean sprouts
3626,Aerosol spray
3627,BlazBlue: Continuum Shift
3628,Automated teller machine
3629,Pelmeni
3630,Ford Mondeo
3631,Hummingbird
3632,Samsung Galaxy Gear
3633,Gyroscope
3634,Juri
3635,Kingdom Hearts 358/2 Days
3636,Toyota JZ engine
3637,Steel-string acoustic guitar
3638,Common quail
3639,Heat pump
3640,Akira Cine-Manga NeoTokyo 2019
3641,Royal icing
3642,Engagement ring
3643,Starbound
3644,Dodgeball
3645,Infamous Second Son
3646,GMC Sierra
3647,Pou
3648,Samsung Galaxy S III Mini
3649,Metroid Prime
3650,New York City Police Department
3651,Web banner
3652,3x3
3653,Masih ad-Dajjal
3654,Toshiba Satellite
3655,Makeup brush
3656,He-Man
3657,Filling station
3658,Earless seal
3659,Handkerchief
3660,Welsh Corgi
3661,Light Yagami
3662,Gods Eater Burst
3663,Daenerys Targaryen
3664,Super Mario 3D Land
3665,Giant Bicycles
3666,Age of Conan: Unchained
3667,Raphael
3668,Ernie
3669,Oceanic dolphin
3670,King Kong
3671,Instrument landing system
3672,Porsche Boxster
3673,Mass Rapid Transit (Singapore)
3674,Barcode
3675,Dragon's Dogma
3676,Dance Central 3
3677,Dress shirt
3678,Nursery
3679,Super GT
3680,US Airways
3681,Cadillac CTS
3682,Lego Duplo
3683,The Amazing Race
3684,Ford Bronco
3685,Pulley
3686,The North Face
3687,Six Flags Magic Mountain
3688,PlayStation All-Stars Battle Royale
3689,Woody Woodpecker
3690,Canon EOS 5D Mark III
3691,Headscarf
3692,The Mortal Instruments
3693,Groomsman
3694,Burton Snowboards
3695,TurboGrafx-16
3696,Ronald McDonald
3697,Honda K engine
3698,Lockheed Martin F-35 Lightning II
3699,Rhinoceros
3700,Rayman Legends
3701,Vest
3702,Temari
3703,Multi-tool
3704,Toyota 4Runner
3705,Singapore Airlines
3706,Yuan Zai
3707,Yale University
3708,Dead Space 3
3709,Corvette Stingray
3710,Kangaroo
3711,Toilet paper
3712,Labyrinth
3713,Recumbent bicycle
3714,Chalk
3715,Princess Zelda
3716,Mobile home
3717,Suikoden
3718,Pentium
3719,Harry Potter
3720,Crash Bandicoot 2: Cortex Strikes Back
3721,Dynasty Warriors 7
3722,Wine tasting
3723,Trials Evolution
3724,Battlefield 2142
3725,Cake pop
3726,Disney Infinity: Marvel Super Heroes
3727,Android Wear
3728,Coconut milk
3729,Kingdom Hearts HD 1.5 Remix
3730,Lifeguard
3731,F1 2010
3732,BlackBerry Bold
3733,Exorcism
3734,Aang
3735,Tiramisu
3736,Tupperware
3737,Tesla Model S
3738,Women's Tennis Association
3739,Balalaika
3740,Pandora
3741,Box office
3742,Audi Sportback concept
3743,Buffalo wing
3744,Tōshirō Hitsugaya
3745,Eel
3746,Edward Nygma
3747,Wario
3748,McLaren 12C
3749,Xenoblade Chronicles
3750,It's a Small World
3751,Padlock
3752,Airship
3753,Plotter
3754,Movie camera
3755,AC Cobra
3756,Carpet cleaning
3757,Baseball glove
3758,Toyota RAV4
3759,Transformers: Fall of Cybertron
3760,Mercedes-Benz SLK-Class
3761,Cornrows
3762,PSA HDi engine
3763,Atlantic bluefin tuna
3764,EA Sports UFC
3765,Wedding invitation
3766,Masonry
3767,Greek food
3768,Castlevania: Lords of Shadow
3769,Times Square
3770,Toothpaste
3771,Porsche Cayman
3772,Paso Fino
3773,Wakfu
3774,Shin Megami Tensei
3775,Ducati Monster
3776,Nissan Sentra
3777,Fountain pen
3778,Windscreen wiper
3779,Craigslist Inc.
3780,QR code
3781,Hoodie
3782,Siku Toys
3783,Blazer
3784,Punch-Out!!
3785,Crocodilia
3786,Killing Floor
3787,Taskbar
3788,Crappie
3789,Circular saw
3790,Granado Espada
3791,Magi: The Labyrinth of Magic
3792,Dwarf
3793,Chevrolet Chevy II / Nova
3794,Legoland
3795,Starscream
3796,Sony NEX-5
3797,Humpback whale
3798,Sea turtle
3799,Udon
3800,iPad 4
3801,Overworld
3802,Fried egg
3803,Jaguar
3804,Music of Eritrea
3805,The Lion King
3806,Tesla coil
3807,Lili
3808,Goggles
3809,Marriott International
3810,RTL 4
3811,Suzuki Escudo
3812,Dobro
3813,Dynasty Warriors: Gundam
3814,Prince of Persia: Warrior Within
3815,Black Desert
3816,Indie film
3817,Garage sale
3818,The King of Fighters '98
3819,Eraser
3820,Harrow
3821,Sgt. Frog
3822,Mold
3823,Crash Bandicoot: Warped
3824,Kawasaki Z1000
3825,Tilapia
3826,Mercedes-Benz A-Class
3827,Chili con carne
3828,Amphibious ATV
3829,Champagne
3830,Double Dutch
3831,Supreme
3832,Beyond: Two Souls
3833,Ice climbing
3834,Porsche Panamera
3835,Ground beef
3836,Porsche Carrera GT
3837,Kyūdō
3838,DeWalt
3839,Volkswagen Golf Mk5
3840,The Binding of Isaac
3841,The Hidden
3842,Radio-controlled submarine
3843,Dragon Ball Z: Battle of Z
3844,Skylanders: Trap Team
3845,Garnier
3846,The Legend of Zelda: A Link to the Past
3847,Rayquaza
3848,Lada Riva
3849,Perfect Cherry Blossom
3850,Weighing scale
3851,Laser pointer
3852,Alaskan Malamute
3853,Akane Tendo
3854,AMD Accelerated Processing Unit
3855,FarmVille
3856,Landfill
3857,Muskmelon
3858,Canoe Slalom
3859,Mortal Kombat II
3860,Olive
3861,Toner
3862,Toph Beifong
3863,Temple Run
3864,Robot combat
3865,Blue Dragon
3866,Panasonic Lumix DMC-GH4
3867,Sony Ericsson Xperia arc
3868,Beyblade: Shogun Steel
3869,Ricotta
3870,Yonex
3871,Empire: Total War
3872,Lightning Returns: Final Fantasy XIII
3873,Kawasaki Ninja 300
3874,Dynasty Warriors 8
3875,Streets of Rage
3876,Mountain Dew
3877,Ghost in the Shell
3878,Soap bubble
3879,Tooth brushing
3880,Knife sharpening
3881,Porsche 930
3882,Real Racing 3
3883,Tales of Xillia
3884,Assassin's Creed Rogue
3885,Pixie cut
3886,Mercedes-Benz Actros
3887,Escalator
3888,Compound bow
3889,Periodic Table
3890,Range Rover Sport
3891,Taco Bell
3892,Tomb Raider
3893,F1 2013
3894,Prince of Persia: The Sands of Time
3895,Curling
3896,Mitsubishi Outlander
3897,Koei
3898,KitchenAid
3899,Lego Minecraft
3900,Mario & Luigi: Superstar Saga
3901,Star Fox 64
3902,Just Dance 3
3903,BlackBerry PlayBook
3904,Miss Saigon
3905,Slam Dunk
3906,Unreal Tournament
3907,UFC Undisputed 3
3908,Plywood
3909,Hyundai Elantra
3910,Mackerel
3911,Mortar
3912,Face
3913,Killzone 3
3914,Compass
3915,Mercedes-Benz CLS-Class
3916,Volkswagen Type 2
3917,Eurogamer
3918,ZX Spectrum
3919,Lunar eclipse
3920,Maximum Destruction
3921,Toribash
3922,Wide-angle lens
3923,Chinchilla
3924,Handycam
3925,Hostel
3926,Wii Sports Resort
3927,God of War: Ascension
3928,Still life
3929,Gas metal arc welding
3930,Mini-map
3931,Dry ice
3932,Dead Frontier
3933,Junjo Romantica: Pure Romance
3934,Radiator
3935,Papier-mâché
3936,Gouken
3937,Drinking water
3938,Large Hadron Collider
3939,Nissan Maxima
3940,Yosemite National Park
3941,Nissan Pathfinder
3942,Meteor shower
3943,New Super Mario Bros. 2
3944,Beanie
3945,Honda CBR900RR
3946,Palm; Inc.
3947,Shenmue
3948,Canter
3949,Chocobo
3950,Donkey Kong 64
3951,Cone
3952,Amusement arcade
3953,Kawai Musical Instruments
3954,Camera Operator
3955,Trabant
3956,Soba
3957,Pontoon
3958,Portable media player
3959,Super Mario RPG
3960,Pep squad
3961,Resident Evil 3: Nemesis
3962,LG G series
3963,Table
3964,Diddy Kong
3965,Resident Evil: Operation Raccoon City
3966,Tomb Raider: Anniversary
3967,Lighthouse
3968,Sukhoi Su-27
3969,Patience
3970,Audi RS 6
3971,Dentures
3972,Home video
3973,Street fashion
3974,Mac Mini
3975,Sleeping Beauty
3976,Tribal Wars
3977,Lost Planet
3978,Animal Crossing: Wild World
3979,Maserati GranTurismo
3980,Sega CD
3981,Fei Long
3982,Racing wheel
3983,Adrenalyn XL
3984,Plasma display
3985,Games Workshop
3986,Cougar
3987,Tight end
3988,Talk box
3989,29er
3990,SEAT Ibiza
3991,Scion tC
3992,Mortal Kombat: Armageddon
3993,Baby food
3994,Doomsday
3995,Mercedes-Benz W124
3996,Fandango
3997,Tesla
3998,Star Wars Jedi Knight: Jedi Academy
3999,Star Wars: The Force Unleashed II
4000,Volvo S60
4001,Orphanage
4002,Eight-string guitar
4003,Baja 1000
4004,Tug of war
4005,Mercury
4006,Lego Creator
4007,The House of the Dead
4008,Saab
4009,Unreal Tournament III
4010,Midna
4011,Yeti
4012,Hunting dog
4013,Bombardier Dash 8
4014,Yamaha YZ250
4015,BMW X3
4016,Lego City Undercover
4017,Television film
4018,Blue Exorcist
4019,Sonic the Hedgehog CD
4020,Ferrari 360
4021,Pomegranate
4022,Bun
4023,Mega Man
4024,Cape
4025,Neverwinter
4026,Audi Q7
4027,Metal Gear Solid V: Ground Zeroes
4028,Hyena
4029,Avenue Q
4030,Full Metal Panic!
4031,Chromebook
4032,Twisted Metal
4033,Sikorsky UH-60 Black Hawk
4034,First Generation Nissan Z-car (S30)
4035,Pheasant
4036,Nissan 300ZX
4037,Hot chocolate
4038,Waistcoat
4039,Adventure racing
4040,Endangered species
4041,Yamaha FZ6
4042,Applejack
4043,NBA 2K10
4044,Mini ramp
4045,Satin
4046,Killer Instinct
4047,Deus Ex
4048,Yamaha MT-09
4049,Resident Evil
4050,Spindle
4051,Chase
4052,Rogue
4053,Calabaza
4054,The Forest
4055,Milking
4056,Super Metroid
4057,Castlevania: Symphony of the Night
4058,Rayman Origins
4059,Nokia N900
4060,Kia Sportage
4061,Mass Effect
4062,Poptropica
4063,Magic: The Gathering Commander
4064,Angry Birds Space
4065,Bell pepper
4066,Wrench
4067,Škoda Fabia
4068,The Legend of Heroes
4069,Samsung Galaxy Grand
4070,Dragon Quest VIII: Journey of the Cursed King
4071,Semi-trailer
4072,Outlast
4073,Trials Fusion
4074,Dango
4075,Akita
4076,Ultima
4077,Sea-Doo XP
4078,Toriko
4079,Segway PT
4080,Sleeping bag
4081,Sonic Lost World
4082,Extra
4083,The Sims 3: Pets
4084,Cadillac Escalade
4085,The Beatles: Rock Band
4086,Throne
4087,New Balance
4088,Myst
4089,Maracas
4090,Fable III
4091,Angry Birds Star Wars
4092,Peugeot 106
4093,Dogo Argentino
4094,Eric Cartman
4095,Armadillo
4096,Lithium-ion battery
4097,Nollie
4098,Mazdaspeed3
4099,Honda Prelude
4100,Batter
4101,Lap steel guitar
4102,The Simpsons Hit & Run
4103,Duel Masters
4104,Fender Precision Bass
4105,Keirin
4106,Moonwalk
4107,Warhammer 40;000: Dawn of War II
4108,Orangutan
4109,KOKO
4110,Mr. Freeze
4111,Shuriken
4112,Rilakkuma
4113,Roller in-line hockey
4114,FinePix
4115,Nissan JUKE
4116,Mufasa
4117,Leia Organa
4118,Abadá
4119,Warhammer Fantasy
4120,Silent Hill 2
4121,Captain
4122,Marceline the Vampire Queen
4123,Tongue piercing
4124,Napkin folding
4125,Age of Empires II: The Age of Kings
4126,Star Wars Galaxies
4127,Roomba
4128,Nokia N97
4129,Crayon
4130,Rumble Fighter
4131,Mapex Drums
4132,Fight Night Champion
4133,Yamaha DT125
4134,Ni no Kuni: Wrath of the White Witch
4135,Chevrolet Corvette C5 Z06
4136,Troubadour
4137,Tie-dye
4138,Chorizo
4139,Stucco
4140,Quake Live
4141,Lock On: Modern Air Combat
4142,Theatre organ
4143,Cotton candy
4144,The Sims FreePlay
4145,Tape recorder
4146,Fantastic Four
4147,Lego Star Wars III: The Clone Wars
4148,Pre-flight safety demonstration
4149,Eren Yeager
4150,Jaguar XJ
4151,Flip-flops
4152,Aerography
4153,Gratin
4154,Online casino
4155,Chrono Cross
4156,Monkey Island
4157,Prince of Persia
4158,Lexus LFA
4159,Grease
4160,Nobita
4161,Harbor Freight Tools
4162,Tales of Pirates
4163,LittleBigPlanet PS Vita
4164,Warriors Orochi
4165,Washburn Guitars
4166,Rescue dog
4167,Video art
4168,Propeller
4169,Battlestar Galactica
4170,Honda Shadow
4171,Air Force 1
4172,Final Fantasy III
4173,Ōkami
4174,Lego Batman 3: Beyond Gotham
4175,8 mm film
4176,Chibiusa
4177,Terra
4178,MagnaFlow Performance Exhaust
4179,The X Factor (U.S) - Season 2
4180,Alpha
4181,Empanada
4182,Dream Club
4183,Tamagotchi
4184,Star Ocean
4185,Wetsuit
4186,Ford Fusion
4187,MechWarrior Online
4188,Screenplay
4189,Star Motorcycles
4190,Super Mario All-Stars
4191,Cimbalom
4192,Oak
4193,Pit
4194,Aliens: Colonial Marines
4195,Binoculars
4196,Modelling clay
4197,Ao Oni
4198,Khene
4199,Hyundai Sonata
4200,London Fashion Week
4201,Jikkyō Powerful Pro Yakyū series
4202,Timon and Pumbaa
4203,One Piece: Pirate Warriors
4204,Chevrolet Corvette (C5)
4205,Motel
4206,Cyborg
4207,Spider-Man 3
4208,Fox Business Network
4209,Scarlet
4210,Yanmar
4211,Walter White
4212,Sapphire
4213,Recurve bow
4214,Spike
4215,Dodge Neon SRT-4
4216,Lamborghini Reventón
4217,Metronome
4218,Legacy of Kain
4219,Dyson
4220,Queen + Adam Lambert
4221,Saiyuki
4222,Fishing line
4223,Funny Car
4224,Theremin
4225,Megalodon
4226,Neo
4227,Crocodiles
4228,Epiphone Les Paul
4229,Cable television
4230,Dassault Rafale
4231,Slayers
4232,Don Quijote de la Mancha
4233,Blacklight: Retribution
4234,KITT
4235,American Kenpo
4236,Biryani
4237,Ball-jointed doll
4238,Water buffalo
4239,Castle Crashers
4240,Dante's Inferno
4241,Wilson Sporting Goods
4242,Mack Trucks
4243,Pho
4244,Rozen Maiden
4245,Electro
4246,Crochet hook
4247,Bullion
4248,Spacetoon
4249,Hyundai Santa Fe
4250,Kingdom Hearts 3D: Dream Drop Distance
4251,Chevrolet K5 Blazer
4252,Ostrich
4253,Koala
4254,Space Invaders
4255,Zoo Tycoon 2
4256,Nose piercing
4257,Hair
4258,Raiden
4259,Resident Evil Code: Veronica
4260,Peugeot 205
4261,Tales of Phantasia
4262,Alan Wake
4263,Survivor
4264,Princess Aurora
4265,Dead Island: Riptide
4266,Jalapeño
4267,GameShark
4268,Gradius
4269,Mario role-playing games
4270,Old Trafford
4271,Inflatable castle
4272,Fatal Fury
4273,Lord of the Dance
4274,Knott's Berry Farm
4275,Tomb Raider: Legend
4276,Toaster
4277,Mochi
4278,Tenten
4279,Pandeiro
4280,Jaden Yuki
4281,Self-propelled gun
4282,Easter Bunny
4283,Final Fantasy Type-0
4284,Arte
4285,The Sports Network
4286,Atelier
4287,Mercury
4288,Carnage
4289,Tekken 3
4290,Engadget
4291,Sweep
4292,Heihachi Mishima
4293,Mulch
4294,Mega Man 3
4295,Mojito
4296,Airboat
4297,Spyro: Year of the Dragon
4298,Uncharted: Drake's Fortune
4299,Neodymium magnet toys
4300,Tambourine
4301,Beauty and the Beast
4302,GTR 2 – FIA GT Racing Game
4303,Apple Store
4304,Civilization V
4305,Boeing B-17 Flying Fortress
4306,Gamblerz
4307,Gravel
4308,Husaberg
4309,Plane
4310,Mangalarga Marchador
4311,Mega Man Star Force
4312,With Your Destiny
4313,Kangal dog
4314,Fire Emblem Awakening
4315,City of Heroes
4316,Leek
4317,Japanese yen
4318,Yamaha Motif
4319,Oreo
4320,Chinese characters
4321,Mountainboarding
4322,Dutch Warmblood
4323,Cricket
4324,Amish
4325,Detergent
4326,Fushigi Yûgi
4327,Window film
4328,Butlins
4329,Busch Gardens Tampa Bay
4330,Gambit
4331,Darth Maul
4332,Mother 3
4333,Kiba Inuzuka
4334,Paratrooper
4335,Dragon Ball Z: Burst Limit
4336,Angkor Wat
4337,Australian Shepherd
4338,Diaper bag
4339,Deep foundation
4340,Mobile Suit Gundam Unicorn
4341,Anti-aircraft warfare
4342,Honda XR series
4343,Canon EOS 700D
4344,Gakuen Alice
4345,Winter Soldier
4346,Linux distribution
4347,Rocky Balboa
4348,Jaguar XF
4349,Neptune
4350,Transformers: War for Cybertron
4351,Turkey
4352,Citroën Saxo
4353,Sarah Kerrigan
4354,Ling Xiaoyu
4355,Netball
4356,R2-D2
4357,Nezha
4358,Pencil case
4359,Anno
4360,Gothic II: Night of the Raven
4361,Beaver
4362,Turmeric
4363,Peanuts
4364,Mercedes-Benz CLA-Class
4365,Kikyo
4366,Onigiri
4367,Nivea
4368,Harry Potter and the Goblet of Fire
4369,Pokémon Yellow
4370,Dead Sea
4371,Warner Bros. Entertainment
4372,FIFA 07
4373,Phantasy Star Online
4374,Samurai Shodown
4375,Tom Clancy's Rainbow Six: Vegas
4376,Cuatro
4377,Resonator guitar
4378,Nobunaga's Ambition
4379,Team Rocket
4380,Sport kite
4381,Warwick
4382,The Lord of the Rings: The Battle for Middle-earth II
4383,Common fig
4384,Ford Taurus
4385,Blur
4386,Jaguar F-Type
4387,Artichoke
4388,Canon EOS 650D
4389,Basset Hound
4390,Kara Zor-El
4391,Seto Kaiba
4392,The Evil Within
4393,BMW 5 Series (F10)
4394,Draughts
4395,Sim racing
4396,Square dance
4397,Rocket launch
4398,Kia Sorento
4399,Volkswagen Tiguan
4400,Rain gutter
4401,Iron Man's armor
4402,Bentley Continental GT
4403,BMW F series parallel-twin
4404,Revell
4405,4 Pics 1 Word
4406,Boeing AH-64 Apache
4407,LG Optimus G
4408,Tiffany & Co.
4409,Infinity Blade
4410,PriPara
4411,Dragon Quest V: Hand of the Heavenly Bride
4412,Alcatraz Island
4413,Ultimate Mortal Kombat 3
4414,Jiaozi
4415,Mashed potato
4416,Chivalry: Medieval Warfare
4417,Hitman: Blood Money
4418,Reptilians
4419,Peter Griffin
4420,Sakura Wars
4421,Nichijou
4422,Jean Grey
4423,Ratchet & Clank
4424,Nexus One
4425,Rugal Bernstein
4426,Glow stick
4427,Humbucker
4428,Somersault
4429,Betty Boop
4430,Ford Mustang SVT Cobra
4431,Camera phone
4432,Wolfenstein: The New Order
4433,Kingdoms of Amalur: Reckoning
4434,Kirby's Return to Dream Land
4435,Rayman Raving Rabbids
4436,Yamaha YZ450F
4437,Just Dance 2
4438,Humanoid robot
4439,Sonic Riders
4440,Sony Ericsson Xperia X8
4441,Functional training
4442,Ferrari F12berlinetta
4443,Jekyll & Hyde
4444,Rock-paper-scissors
4445,Transformers: Beast Wars
4446,Bobsleigh
4447,Rosalina
4448,Window cleaner
4449,King Dedede
4450,Honda Odyssey
4451,Shrek The Musical
4452,Prince Caspian
4453,Kei car
4454,Hockey stick
4455,Kawasaki KLR650
4456,Fire extinguisher
4457,7-Eleven
4458,Spotted dove
4459,Triumph Street Triple
4460,Chinese calligraphy
4461,Pokémon Stadium
4462,Macaroni and cheese
4463,Santana Lopez
4464,Mario & Luigi: Bowser's Inside Story
4465,ourWorld
4466,Korfball
4467,Jade Dynasty
4468,Breath of Fire
4469,Tenchu
4470,Winery
4471,Mammoth
4472,Bert
4473,Sydney Opera House
4474,Smallmouth bass
4475,EZ2DJ
4476,Shipyard
4477,Dynasty Warriors Online
4478,Sunspot
4479,Portrait photography
4480,Costa Concordia
4481,Pagani Huayra
4482,Mega Man Battle Network 6
4483,Burpee
4484,Nikon D7000
4485,Warhawk
4486,Homefront
4487,FlatOut 2
4488,Doctor Doom
4489,Harry Potter and the Philosopher's Stone
4490,Nier
4491,Wii Fit
4492,Maid Marian
4493,Nissan X-Trail
4494,Python
4495,Suzuki V-Strom 650
4496,Citroën DS3
4497,Minnow
4498,Kia Optima
4499,Fable II
4500,RPG Maker VX
4501,The Adventures of Tintin
4502,Harry Potter and the Order of the Phoenix
4503,Age of Wulin
4504,Xenosaga
4505,GQ
4506,Sonic and the Black Knight
4507,MotorStorm
4508,Peugeot 207
4509,Homeopathy
4510,Shogi
4511,Watchmen
4512,Eldar
4513,Gothic 3
4514,Free Realms
4515,Antec
4516,Peruvian food
4517,Toyota Land Cruiser Prado
4518,Shakugan no Shana
4519,Super Sentai Battle: Dice-O
4520,The Order: 1886
4521,Deoxys
4522,Caster board
4523,PaRappa the Rapper
4524,Rosario + Vampire
4525,Hi-Rez Studios
4526,Command & Conquer: Generals
4527,South Park: The Stick of Truth
4528,Pop art
4529,Poison Ivy
4530,Barney Stinson
4531,FIFA Street
4532,Kaadhal
4533,Men of War
4534,Heisman Trophy
4535,Zoo Tycoon
4536,Kawasaki KX250F
4537,Ultimate Spider-Man
4538,The Legend of Heroes: Trails in the Sky
4539,Neighbours from Hell
4540,Mega Man X5
4541,Multiplayer game
4542,Drift City
4543,Honda TRX450R
4544,Nick Fury
4545,Arwen
4546,Draculaura
4547,Prince of Persia: The Two Thrones
4548,Star Trek Online
4549,Fruit Ninja
4550,Conker's Bad Fur Day
4551,Super Shredder
4552,Mega Man X4
4553,Digital audio workstation
4554,Marvel Super Hero Squad Online
4555,Amagami
4556,Serious Sam
4557,Otter
4558,Spektrum RC
4559,Federal Senate
4560,Crane
4561,Dr. Wily
4562,Bowser Jr.
4563,Mont Blanc
4564,American Bulldog
4565,Angry Birds Go!
4566,Chia
4567,Cut the Rope
4568,Chevrolet Cobalt
4569,Liu Kang
4570,Snapback
4571,Leopard gecko
4572,Leatherman
4573,Jean Valjean
4574,Greyhound racing
4575,The Hunter
4576,Slipper
4577,Mortal Kombat 3
4578,Buckingham Palace
4579,Street Fighter Alpha 3
4580,Classical ballet
4581,Doritos
4582,Steins;Gate
4583,TV9
4584,Street Legal Racing: Redline
4585,Counter-Strike: Condition Zero
4586,Hotpoint
4587,Twist
4588,Fakie
4589,Mega Man ZX
4590,Batcave
4591,Texas Longhorns
4592,7 Days to Die
4593,Onimusha
4594,Ketchup
4595,Sonic & All-Stars Racing Transformed
4596,Flying disc freestyle
4597,Jaw
4598,Beavis
4599,Silent Hill 3
4600,Racquetball
4601,Tom Clancy's H.A.W.X
4602,African buffalo
4603,Frankenstein
4604,Powderpuff
4605,Bansuri
4606,The Smiling; Proud Wanderer
4607,Powerbocking
4608,Kimi ni Todoke
4609,Pepper spray
4610,Kitana
4611,Nokia Lumia 800
4612,Sepang International Circuit
4613,Dust 514
4614,Bravo
4615,Bakura
4616,Catching Fire
4617,Polly Pocket
4618,Android 17
4619,Freightliner Trucks
4620,Habanero chili
4621,Comcast
4622,Butt-head
4623,Badger
4624,Little Battlers Experience
4625,Halibut
4626,Skip Beat!
4627,Kerrang!
4628,Soulcalibur III
4629,Crash Twinsanity
4630,Dead or Alive 5 Ultimate
4631,Lamborghini Diablo
4632,School supplies
4633,Jill Valentine
4634,Inazuma Eleven 2
4635,Sony Ericsson Xperia X10 Mini
4636,Jade
4637,Termite
4638,Nissan Micra
4639,Vulture
4640,Decoy
4641,Toboggan
4642,Kenpachi Zaraki
4643,St. Bernard
4644,Vine
4645,Legally Blonde
4646,Tweety
4647,Hydroplane
4648,Boba Fett
4649,Frontenis
4650,Scrambled eggs
4651,Handclaps
4652,Weekly Shōnen Jump
4653,Audi Q5
4654,Cosmic Break
4655,The Secret World
4656,Blockland
4657,Bell Boeing V-22 Osprey
4658,Journey to the West
4659,Planet of the Apes
4660,Saw
4661,Final Fantasy II
4662,University of Virginia
4663,Parasailing
4664,Hacienda
4665,Day spa
4666,Mega Man 9
4667,Gold's Gym
4668,Impala
4669,Llama
4670,Footbag
4671,Little Busters!
4672,Renault 5
4673,Flugelhorn
4674,Ape Escape
4675,The Lord of the Rings: The Battle for Middle-earth
4676,Elphaba
4677,Bronze medal
4678,Sunny Beach
4679,M1 Abrams
4680,A&E
4681,Single track
4682,F.E.A.R. 2: Project Origin
4683,Silent Hill 4: The Room
4684,Kung Lao
4685,Shot put
4686,Nisekoi
4687,Hollywood Palladium
4688,Skullgirls
4689,Al-Masjid an-Nabawi
4690,Shadow Fighter
4691,Reptile
4692,Abercrombie & Fitch
4693,Daffy Duck
4694,Cruelty to animals
4695,Strikeout
4696,Arjuna
4697,Scarlet Weather Rhapsody
4698,Voetbal International
4699,Death Row Records
4700,Shashlik
4701,Scarecrow
4702,Akame ga Kill!
4703,DJ Hero 2
4704,Gong
4705,SCP – Containment Breach
4706,Friday the 13th: Day of Death
4707,Poncho
4708,Visual novel
4709,Luge
4710,Mammal
4711,Aston Martin V8 Vantage (2005)
4712,Russian pyramid
4713,PBS Kids
4714,Air Gear
4715,Pina Records
